<?xml version = '1.0' encoding = 'UTF-8'?>
<FKIndexAssociation class="oracle.dbtools.crest.model.design.relational.FKIndexAssociation" directorySegmentName="seg_0" id="07791379-1360-8540-02DA-336DBBBC21FC" containerWithKeyObject="3262282F-BC9A-A70D-CB7C-74B9C8033179" localFKIndex="D1D9E3B5-9463-7BC0-2EE4-D5245EE6FFAA" name="OH_OrderChannel_FK">
<createdBy>Darek</createdBy>
<createdTime>2023-12-28 13:59:47 UTC</createdTime>
<generatorID>6EC3D25F-6211-F61A-7843-FBA357A59C5D</generatorID>
<ownerDesignName>nowawersjabazydanych</ownerDesignName>
<referredTableLongName>OrderChannel</referredTableLongName>
<deleteRule>NO ACTION</deleteRule>
<referredTableID>78323669-56F0-D2C6-118D-6A5D69F1F2F3</referredTableID>
<keyObject>BD510F0E-6822-43C3-1E54-A6B9580B582C</keyObject>
<referredKeyID>BD510F0E-6822-43C3-1E54-A6B9580B582C</referredKeyID>
<mandatory>true</mandatory>
<refColNames>ChannelKey</refColNames>
<transferable>true</transferable>
<rely>false</rely>
<columnDependencyConstraintGenerateInDDL>true</columnDependencyConstraintGenerateInDDL>
</FKIndexAssociation>