<?xml version = '1.0' encoding = 'UTF-8'?>
<FKIndexAssociation class="oracle.dbtools.crest.model.design.relational.FKIndexAssociation" directorySegmentName="seg_0" id="121BCB37-7A13-7883-180B-276EA073F09F" containerWithKeyObject="3262282F-BC9A-A70D-CB7C-74B9C8033179" localFKIndex="74ED4986-9032-1D7B-6FA0-DFBDCBBD1B52" name="OH_Cart_FK">
<createdBy>Ania</createdBy>
<createdTime>2023-12-19 11:16:20 UTC</createdTime>
<generatorID>85F927E7-C5E8-30BB-0665-E7400D59A5BF</generatorID>
<ownerDesignName>nowawersjabazydanych</ownerDesignName>
<referredTableLongName>Cart</referredTableLongName>
<deleteRule>NO ACTION</deleteRule>
<referredTableID>686CA384-6F57-93DC-6786-3BD3635CF5A6</referredTableID>
<keyObject>2956D2BB-3B24-4069-B072-BA2F54E767CC</keyObject>
<referredKeyID>2956D2BB-3B24-4069-B072-BA2F54E767CC</referredKeyID>
<mandatory>true</mandatory>
<refColNames>CartKey</refColNames>
<transferable>true</transferable>
<rely>false</rely>
<columnDependencyConstraintGenerateInDDL>true</columnDependencyConstraintGenerateInDDL>
</FKIndexAssociation>