<?xml version = '1.0' encoding = 'UTF-8'?>
<FKIndexAssociation class="oracle.dbtools.crest.model.design.relational.FKIndexAssociation" directorySegmentName="seg_0" id="1633E774-5D91-1434-F1D0-FFA16024B683" containerWithKeyObject="639CC330-A5AC-1D7F-7CC0-A7F705668851" localFKIndex="59BBE578-6A85-B0D3-644D-8B60642EF342" name="C_ComplaintStatus_FK">
<createdBy>Ania</createdBy>
<createdTime>2023-12-19 11:16:21 UTC</createdTime>
<generatorID>BDBC2FA3-671F-2861-ED9A-E9A50DF07DFA</generatorID>
<ownerDesignName>nowawersjabazydanych</ownerDesignName>
<referredTableLongName>ComplaintStatus</referredTableLongName>
<deleteRule>NO ACTION</deleteRule>
<referredTableID>629183C2-AC29-644D-D71B-2002B59D96B7</referredTableID>
<keyObject>899B564D-A138-60F0-9187-4523016059A5</keyObject>
<referredKeyID>899B564D-A138-60F0-9187-4523016059A5</referredKeyID>
<mandatory>true</mandatory>
<refColNames>ComplaintStatusKey</refColNames>
<transferable>true</transferable>
<rely>false</rely>
<columnDependencyConstraintGenerateInDDL>true</columnDependencyConstraintGenerateInDDL>
</FKIndexAssociation>