<?xml version = '1.0' encoding = 'UTF-8'?>
<FKIndexAssociation class="oracle.dbtools.crest.model.design.relational.FKIndexAssociation" directorySegmentName="seg_0" id="1A947B53-3B84-14CF-FC6B-5B1154B60098" containerWithKeyObject="946F2796-0257-AE08-C2C6-1199B5D04EDA" localFKIndex="CF113D4C-98A1-5497-2054-D792DAA4E63D" name="Client_User_FK">
<createdBy>Ania</createdBy>
<createdTime>2023-12-19 11:16:21 UTC</createdTime>
<generatorID>D2E68FE0-88CB-8C8F-187C-200A41A0CE77</generatorID>
<ownerDesignName>nowawersjabazydanych</ownerDesignName>
<referredTableLongName>User</referredTableLongName>
<deleteRule>NO ACTION</deleteRule>
<referredTableID>4612FAD8-5A0E-DD28-F031-257AFC8C7CE0</referredTableID>
<keyObject>8D5E54A2-DE44-6FD4-AEA5-92B05D740730</keyObject>
<referredKeyID>8D5E54A2-DE44-6FD4-AEA5-92B05D740730</referredKeyID>
<mandatory>true</mandatory>
<refColNames>UserKey</refColNames>
<transferable>true</transferable>
<rely>false</rely>
<columnDependencyConstraintGenerateInDDL>true</columnDependencyConstraintGenerateInDDL>
</FKIndexAssociation>