<?xml version = '1.0' encoding = 'UTF-8'?>
<FKIndexAssociation class="oracle.dbtools.crest.model.design.relational.FKIndexAssociation" directorySegmentName="seg_0" id="23020E42-3E3F-B8E9-682A-58B98165FE0D" containerWithKeyObject="B5E647F4-514E-8539-BDB1-87023E673580" localFKIndex="1CEEE74A-CA6A-F597-6BCE-6AFF4ACF7F7C" name="OSH_OrderHeader_FK">
<createdBy>Ania</createdBy>
<createdTime>2023-12-19 11:16:21 UTC</createdTime>
<generatorID>87EFC1BF-0373-1AB4-176F-481C91D383C0</generatorID>
<ownerDesignName>nowawersjabazydanych</ownerDesignName>
<referredTableLongName>OrderHeader</referredTableLongName>
<deleteRule>NO ACTION</deleteRule>
<referredTableID>3262282F-BC9A-A70D-CB7C-74B9C8033179</referredTableID>
<keyObject>0D01C34E-EDD9-5866-A68B-AC90C074D8A2</keyObject>
<referredKeyID>0D01C34E-EDD9-5866-A68B-AC90C074D8A2</referredKeyID>
<mandatory>true</mandatory>
<refColNames>OrderKey</refColNames>
<transferable>true</transferable>
<rely>false</rely>
<columnDependencyConstraintGenerateInDDL>true</columnDependencyConstraintGenerateInDDL>
</FKIndexAssociation>