<?xml version = '1.0' encoding = 'UTF-8'?>
<FKIndexAssociation class="oracle.dbtools.crest.model.design.relational.FKIndexAssociation" directorySegmentName="seg_0" id="328DC7A2-498F-335F-D116-B68DF2664EE8" containerWithKeyObject="4B4A0D92-6611-A374-14FF-9C03052F570B" localFKIndex="F2328069-935E-5867-ED43-8B5EEFB46DF4" name="CD_OrderedProducts_FK">
<createdBy>Ania</createdBy>
<createdTime>2023-12-19 11:16:21 UTC</createdTime>
<generatorID>D789C54F-5F76-F031-C2B8-892F4191ADC8</generatorID>
<ownerDesignName>nowawersjabazydanych</ownerDesignName>
<referredTableLongName>OrderedProducts</referredTableLongName>
<deleteRule>NO ACTION</deleteRule>
<referredTableID>177C1E49-1BAB-CF8D-E1CE-B2217B24F29C</referredTableID>
<keyObject>BCE742E9-8A9D-3D7C-C92D-BCD436BC1490</keyObject>
<referredKeyID>BCE742E9-8A9D-3D7C-C92D-BCD436BC1490</referredKeyID>
<mandatory>true</mandatory>
<refColNames>Ordered_Products_ID</refColNames>
<transferable>true</transferable>
<rely>false</rely>
<columnDependencyConstraintGenerateInDDL>true</columnDependencyConstraintGenerateInDDL>
</FKIndexAssociation>