<?xml version = '1.0' encoding = 'UTF-8'?>
<FKIndexAssociation class="oracle.dbtools.crest.model.design.relational.FKIndexAssociation" directorySegmentName="seg_0" id="36EF1465-97F0-3FFB-6E15-C2971F37F530" containerWithKeyObject="0AB52D9E-1B60-67A4-E579-65E5BE72001C" localFKIndex="44238504-9873-9B11-1EAA-BFE1974D22A6" name="State_Country_FK">
<createdBy>Ania</createdBy>
<createdTime>2023-12-19 11:16:21 UTC</createdTime>
<generatorID>67D78465-B816-96C9-A9B7-8EFC82978E2E</generatorID>
<ownerDesignName>nowawersjabazydanych</ownerDesignName>
<referredTableLongName>Country</referredTableLongName>
<deleteRule>NO ACTION</deleteRule>
<referredTableID>761BB45D-18E0-5A76-338B-7EE96710E97A</referredTableID>
<keyObject>AF6DFFD0-1149-A88C-1BE4-D430C855F534</keyObject>
<referredKeyID>AF6DFFD0-1149-A88C-1BE4-D430C855F534</referredKeyID>
<mandatory>true</mandatory>
<refColNames>CountryKey</refColNames>
<transferable>true</transferable>
<rely>false</rely>
<columnDependencyConstraintGenerateInDDL>true</columnDependencyConstraintGenerateInDDL>
</FKIndexAssociation>