<?xml version = '1.0' encoding = 'UTF-8'?>
<FKIndexAssociation class="oracle.dbtools.crest.model.design.relational.FKIndexAssociation" directorySegmentName="seg_0" id="3C07915E-E822-2AC4-8DC5-4B2114722379" containerWithKeyObject="957D2AE2-1BCD-9AD6-07C1-7E239A683B75" localFKIndex="12C897A2-6506-3757-84AB-A7B9A0AD9E4C" name="AddressList_Client_FK">
<createdBy>Ania</createdBy>
<createdTime>2023-12-19 11:16:21 UTC</createdTime>
<generatorID>0956AC10-A375-DB25-B889-4481B65EBCAB</generatorID>
<ownerDesignName>nowawersjabazydanych</ownerDesignName>
<referredTableLongName>Client</referredTableLongName>
<deleteRule>NO ACTION</deleteRule>
<referredTableID>946F2796-0257-AE08-C2C6-1199B5D04EDA</referredTableID>
<keyObject>FFF14F94-7412-EC00-B44F-29F5019E9428</keyObject>
<referredKeyID>FFF14F94-7412-EC00-B44F-29F5019E9428</referredKeyID>
<mandatory>true</mandatory>
<refColNames>ClientKey</refColNames>
<transferable>true</transferable>
<rely>false</rely>
<columnDependencyConstraintGenerateInDDL>true</columnDependencyConstraintGenerateInDDL>
</FKIndexAssociation>