<?xml version = '1.0' encoding = 'UTF-8'?>
<FKIndexAssociation class="oracle.dbtools.crest.model.design.relational.FKIndexAssociation" directorySegmentName="seg_0" id="4786CC05-F176-BB4C-5492-6F4952DB8CC0" containerWithKeyObject="1E90E0E4-8ED4-087C-CBF0-A8C60D0ACD56" localFKIndex="7BBE41C8-03BD-237F-E842-2210B12CBC98" name="PS_ProductCategory_FK">
<createdBy>Ania</createdBy>
<createdTime>2023-12-19 11:16:21 UTC</createdTime>
<generatorID>75A3DA68-1DFB-F410-C4EE-9D4DC77CFE99</generatorID>
<ownerDesignName>nowawersjabazydanych</ownerDesignName>
<referredTableLongName>ProductCategory</referredTableLongName>
<deleteRule>NO ACTION</deleteRule>
<referredTableID>FBC4148B-A5DB-EB7A-25FE-B268C1DE21FE</referredTableID>
<keyObject>EDEBBA94-DECA-8BD2-C1FF-F1ACA42284B0</keyObject>
<referredKeyID>EDEBBA94-DECA-8BD2-C1FF-F1ACA42284B0</referredKeyID>
<mandatory>true</mandatory>
<refColNames>CategoryKey</refColNames>
<transferable>true</transferable>
<rely>false</rely>
<columnDependencyConstraintGenerateInDDL>true</columnDependencyConstraintGenerateInDDL>
</FKIndexAssociation>