<?xml version = '1.0' encoding = 'UTF-8'?>
<FKIndexAssociation class="oracle.dbtools.crest.model.design.relational.FKIndexAssociation" directorySegmentName="seg_0" id="48F1DD39-319A-FAF0-156F-64E232AE4E99" containerWithKeyObject="ADCBE278-9C80-1C66-2128-36A82C76484A" localFKIndex="9B8C5B5A-7D11-7FCC-B4AA-96F33E577293" name="Product_Opinions_FK">
<createdBy>Ania</createdBy>
<createdTime>2023-12-19 11:16:21 UTC</createdTime>
<generatorID>E8FBCD8E-64D3-6F62-8E01-ABC5D58D8B15</generatorID>
<ownerDesignName>nowawersjabazydanych</ownerDesignName>
<referredTableLongName>ProductOpinion</referredTableLongName>
<deleteRule>NO ACTION</deleteRule>
<referredTableID>019853F3-62D4-522E-0B91-A8FECE8FD2CC</referredTableID>
<keyObject>3495397B-1C99-9A5E-309D-3D0D90F17040</keyObject>
<referredKeyID>3495397B-1C99-9A5E-309D-3D0D90F17040</referredKeyID>
<mandatory>true</mandatory>
<refColNames>OpinionKey</refColNames>
<transferable>true</transferable>
<rely>false</rely>
<columnDependencyConstraintGenerateInDDL>true</columnDependencyConstraintGenerateInDDL>
</FKIndexAssociation>