<?xml version = '1.0' encoding = 'UTF-8'?>
<FKIndexAssociation class="oracle.dbtools.crest.model.design.relational.FKIndexAssociation" directorySegmentName="seg_0" id="49F7FFE3-77D3-F7CF-8B57-2A2E2D108B68" containerWithKeyObject="3262282F-BC9A-A70D-CB7C-74B9C8033179" localFKIndex="59512871-C42D-5BD0-8DEA-A44087187973" name="OH_DelieveryMethod_FK">
<createdBy>Ania</createdBy>
<createdTime>2023-12-19 11:16:20 UTC</createdTime>
<generatorID>FF6FB6EC-BE18-F319-6826-FF92E36A4A44</generatorID>
<ownerDesignName>nowawersjabazydanych</ownerDesignName>
<referredTableLongName>DelieveryMethod</referredTableLongName>
<deleteRule>NO ACTION</deleteRule>
<referredTableID>425BD6B0-96C6-6844-2F38-3A92BADFEF22</referredTableID>
<keyObject>7595ABEF-ED4C-27F8-46C9-A6411B7DEED1</keyObject>
<referredKeyID>7595ABEF-ED4C-27F8-46C9-A6411B7DEED1</referredKeyID>
<mandatory>true</mandatory>
<refColNames>DelieveryMethodKey</refColNames>
<transferable>true</transferable>
<rely>false</rely>
<columnDependencyConstraintGenerateInDDL>true</columnDependencyConstraintGenerateInDDL>
</FKIndexAssociation>