<?xml version = '1.0' encoding = 'UTF-8'?>
<FKIndexAssociation class="oracle.dbtools.crest.model.design.relational.FKIndexAssociation" directorySegmentName="seg_0" id="54494049-2D6F-C92C-EFEA-F20807249AF7" containerWithKeyObject="4612FAD8-5A0E-DD28-F031-257AFC8C7CE0" localFKIndex="BFF51FB8-0BD7-3E71-7841-67ABB87BE9A0" name="User_Role_FK">
<createdBy>Ania</createdBy>
<createdTime>2023-12-19 11:16:21 UTC</createdTime>
<generatorID>5F7004DE-F37B-8F53-19C6-C829A0EF7195</generatorID>
<ownerDesignName>nowawersjabazydanych</ownerDesignName>
<referredTableLongName>Role</referredTableLongName>
<deleteRule>NO ACTION</deleteRule>
<referredTableID>F14AE8D4-F5FA-7FA1-01AA-8E3143F2767B</referredTableID>
<keyObject>C728A959-1897-61F6-D811-7B4200B1863F</keyObject>
<referredKeyID>C728A959-1897-61F6-D811-7B4200B1863F</referredKeyID>
<mandatory>true</mandatory>
<refColNames>RoleKey</refColNames>
<transferable>true</transferable>
<rely>false</rely>
<columnDependencyConstraintGenerateInDDL>true</columnDependencyConstraintGenerateInDDL>
</FKIndexAssociation>