<?xml version = '1.0' encoding = 'UTF-8'?>
<FKIndexAssociation class="oracle.dbtools.crest.model.design.relational.FKIndexAssociation" directorySegmentName="seg_0" id="55D149D7-5E71-7053-C0DC-019785C6F03B" containerWithKeyObject="ADE3D0D8-1CAE-6E0F-C347-1FE02F1CA8C9" localFKIndex="D6867211-BB3F-2811-3434-9538729EC626" name="Street_City_FK">
<createdBy>Ania</createdBy>
<createdTime>2023-12-19 11:16:21 UTC</createdTime>
<generatorID>D6762D6C-DA63-7742-A5AA-BD9D4F5FDFD6</generatorID>
<ownerDesignName>nowawersjabazydanych</ownerDesignName>
<referredTableLongName>City</referredTableLongName>
<deleteRule>NO ACTION</deleteRule>
<referredTableID>BAEC0192-2156-5567-C911-FFE28203006C</referredTableID>
<keyObject>F4B03089-7018-9B69-925E-C708427F96B6</keyObject>
<referredKeyID>F4B03089-7018-9B69-925E-C708427F96B6</referredKeyID>
<mandatory>true</mandatory>
<refColNames>CityKey</refColNames>
<transferable>true</transferable>
<rely>false</rely>
<columnDependencyConstraintGenerateInDDL>true</columnDependencyConstraintGenerateInDDL>
</FKIndexAssociation>