<?xml version = '1.0' encoding = 'UTF-8'?>
<FKIndexAssociation class="oracle.dbtools.crest.model.design.relational.FKIndexAssociation" directorySegmentName="seg_0" id="5B07305C-DF88-A00B-0510-200998EF889E" containerWithKeyObject="3262282F-BC9A-A70D-CB7C-74B9C8033179" localFKIndex="69C93710-C1F1-13BD-2FBB-46F13C4CC836" name="OH_PaymentMethod_FK">
<createdBy>Ania</createdBy>
<createdTime>2023-12-19 11:16:21 UTC</createdTime>
<generatorID>7002EF1B-6D1E-944C-E52F-FC16F33462A5</generatorID>
<ownerDesignName>nowawersjabazydanych</ownerDesignName>
<referredTableLongName>PaymentMethod</referredTableLongName>
<deleteRule>NO ACTION</deleteRule>
<referredTableID>24AA77C6-8D18-72F9-B316-D40A2916474B</referredTableID>
<keyObject>0285C3C2-186A-0278-2A84-C1CA8817004A</keyObject>
<referredKeyID>0285C3C2-186A-0278-2A84-C1CA8817004A</referredKeyID>
<mandatory>true</mandatory>
<refColNames>PaymentMethodKey</refColNames>
<transferable>true</transferable>
<rely>false</rely>
<columnDependencyConstraintGenerateInDDL>true</columnDependencyConstraintGenerateInDDL>
</FKIndexAssociation>