<?xml version = '1.0' encoding = 'UTF-8'?>
<FKIndexAssociation class="oracle.dbtools.crest.model.design.relational.FKIndexAssociation" directorySegmentName="seg_0" id="5BEC4FEF-9CB7-BA66-27D8-26197C1F7FCE" containerWithKeyObject="E3FAC90F-A1F4-EEFB-584B-4C9E2614A47D" localFKIndex="89CB24C6-5007-92DB-2716-45ABE3C5CED0" name="PM_Product_FK">
<createdBy>Darek</createdBy>
<createdTime>2023-12-28 16:44:13 UTC</createdTime>
<generatorID>8B03B924-C508-11EF-FAB5-C6970B4A4ED8</generatorID>
<ownerDesignName>nowawersjabazydanych</ownerDesignName>
<referredTableLongName>Product</referredTableLongName>
<deleteRule>NO ACTION</deleteRule>
<referredTableID>A42522E6-E38E-5419-CECF-B44924A7A47E</referredTableID>
<keyObject>39812352-0709-2E79-7A0B-BACA0B66CAAF</keyObject>
<referredKeyID>39812352-0709-2E79-7A0B-BACA0B66CAAF</referredKeyID>
<mandatory>true</mandatory>
<refColNames>ProductKey</refColNames>
<transferable>true</transferable>
<rely>false</rely>
<columnDependencyConstraintGenerateInDDL>true</columnDependencyConstraintGenerateInDDL>
</FKIndexAssociation>