<?xml version = '1.0' encoding = 'UTF-8'?>
<FKIndexAssociation class="oracle.dbtools.crest.model.design.relational.FKIndexAssociation" directorySegmentName="seg_0" id="60A88F91-6013-649A-D002-D486E9220E94" containerWithKeyObject="B5E647F4-514E-8539-BDB1-87023E673580" localFKIndex="E821BE48-1D8A-F9BD-5812-BACAFA4BA840" name="OSH_OrderStatus_FK">
<createdBy>Ania</createdBy>
<createdTime>2023-12-19 11:16:21 UTC</createdTime>
<generatorID>2B3A75F6-DC4B-70A0-7875-97E917562A84</generatorID>
<ownerDesignName>nowawersjabazydanych</ownerDesignName>
<referredTableLongName>OrderStatus</referredTableLongName>
<deleteRule>NO ACTION</deleteRule>
<referredTableID>C8AE7FB1-8C0A-124B-451C-BA7818C80294</referredTableID>
<keyObject>6AA2794D-F8D1-B65E-800E-DA3DF431A8D8</keyObject>
<referredKeyID>6AA2794D-F8D1-B65E-800E-DA3DF431A8D8</referredKeyID>
<mandatory>true</mandatory>
<refColNames>OrderStatusKey</refColNames>
<transferable>true</transferable>
<rely>false</rely>
<columnDependencyConstraintGenerateInDDL>true</columnDependencyConstraintGenerateInDDL>
</FKIndexAssociation>