<?xml version = '1.0' encoding = 'UTF-8'?>
<FKIndexAssociation class="oracle.dbtools.crest.model.design.relational.FKIndexAssociation" directorySegmentName="seg_0" id="6DFDBF22-5065-1561-93AA-E9FD362C0B78" containerWithKeyObject="8EA5A360-E11E-688F-F5E6-ED07FD5F499E" localFKIndex="A7266417-2BCD-5DF0-DC03-4CD010960511" name="CurrencyRate_Currency_FK">
<createdBy>Ania</createdBy>
<createdTime>2023-12-19 11:16:21 UTC</createdTime>
<generatorID>F8A6768E-E67B-04DE-0D36-0A0DB89F1A3B</generatorID>
<ownerDesignName>nowawersjabazydanych</ownerDesignName>
<referredTableLongName>Currency</referredTableLongName>
<deleteRule>NO ACTION</deleteRule>
<referredTableID>68BDFBAF-41B2-BBDF-F799-B5788B5ABC95</referredTableID>
<keyObject>3FDED38B-A194-9917-1D4E-A63774205EF2</keyObject>
<referredKeyID>3FDED38B-A194-9917-1D4E-A63774205EF2</referredKeyID>
<mandatory>true</mandatory>
<refColNames>CurrencyKey</refColNames>
<transferable>true</transferable>
<rely>false</rely>
<columnDependencyConstraintGenerateInDDL>true</columnDependencyConstraintGenerateInDDL>
</FKIndexAssociation>