<?xml version = '1.0' encoding = 'UTF-8'?>
<FKIndexAssociation class="oracle.dbtools.crest.model.design.relational.FKIndexAssociation" directorySegmentName="seg_0" id="6F673D33-B0D4-2F12-DA37-F698D7FCC5DF" containerWithKeyObject="177C1E49-1BAB-CF8D-E1CE-B2217B24F29C" localFKIndex="A9C954C5-4DC2-3AA7-E47E-80FA1DCC9F65" name="OP_OrderHeader_FK">
<createdBy>Ania</createdBy>
<createdTime>2023-12-19 11:16:21 UTC</createdTime>
<generatorID>CE39200C-7588-03C0-6FD0-366E27A288DE</generatorID>
<ownerDesignName>nowawersjabazydanych</ownerDesignName>
<referredTableLongName>OrderHeader</referredTableLongName>
<deleteRule>NO ACTION</deleteRule>
<referredTableID>3262282F-BC9A-A70D-CB7C-74B9C8033179</referredTableID>
<keyObject>0D01C34E-EDD9-5866-A68B-AC90C074D8A2</keyObject>
<referredKeyID>0D01C34E-EDD9-5866-A68B-AC90C074D8A2</referredKeyID>
<mandatory>true</mandatory>
<refColNames>OrderKey</refColNames>
<transferable>true</transferable>
<rely>false</rely>
<columnDependencyConstraintGenerateInDDL>true</columnDependencyConstraintGenerateInDDL>
</FKIndexAssociation>