<?xml version = '1.0' encoding = 'UTF-8'?>
<FKIndexAssociation class="oracle.dbtools.crest.model.design.relational.FKIndexAssociation" directorySegmentName="seg_0" id="79450099-7549-F244-E038-71791B83EE3E" containerWithKeyObject="BAEC0192-2156-5567-C911-FFE28203006C" localFKIndex="CAC3453C-689F-AAFC-5DAA-152BA73D2E64" name="City_State_FK">
<createdBy>Ania</createdBy>
<createdTime>2023-12-19 11:16:21 UTC</createdTime>
<generatorID>4CE755E8-00A1-B638-C934-F1FDC3427A53</generatorID>
<ownerDesignName>nowawersjabazydanych</ownerDesignName>
<referredTableLongName>State</referredTableLongName>
<deleteRule>NO ACTION</deleteRule>
<referredTableID>0AB52D9E-1B60-67A4-E579-65E5BE72001C</referredTableID>
<keyObject>04B8DC37-23F5-49A5-602A-75B8CFF37B9F</keyObject>
<referredKeyID>04B8DC37-23F5-49A5-602A-75B8CFF37B9F</referredKeyID>
<mandatory>false</mandatory>
<refColNames>StateKey</refColNames>
<transferable>true</transferable>
<rely>false</rely>
<columnDependencyConstraintGenerateInDDL>true</columnDependencyConstraintGenerateInDDL>
</FKIndexAssociation>