<?xml version = '1.0' encoding = 'UTF-8'?>
<FKIndexAssociation class="oracle.dbtools.crest.model.design.relational.FKIndexAssociation" directorySegmentName="seg_0" id="81B39A2A-4E62-411E-32AF-5B19853E21D3" containerWithKeyObject="CD550A51-126F-C426-3A2C-A7985DD1C05F" localFKIndex="1E4C5F7D-100C-8EA3-FAD0-B8DB56820009" name="PP_ProductModel_FK">
<createdBy>Ania</createdBy>
<createdTime>2023-12-19 11:16:21 UTC</createdTime>
<generatorID>3A64EA77-5174-D79C-7173-7CF153C91CEF</generatorID>
<ownerDesignName>nowawersjabazydanych</ownerDesignName>
<referredTableLongName>ProductModel</referredTableLongName>
<deleteRule>NO ACTION</deleteRule>
<referredTableID>E3FAC90F-A1F4-EEFB-584B-4C9E2614A47D</referredTableID>
<keyObject>2A87AE6F-490D-E756-914F-677AB4190C0B</keyObject>
<referredKeyID>2A87AE6F-490D-E756-914F-677AB4190C0B</referredKeyID>
<mandatory>true</mandatory>
<refColNames>ProductModelKey</refColNames>
<transferable>true</transferable>
<rely>false</rely>
<columnDependencyConstraintGenerateInDDL>true</columnDependencyConstraintGenerateInDDL>
</FKIndexAssociation>