<?xml version = '1.0' encoding = 'UTF-8'?>
<FKIndexAssociation class="oracle.dbtools.crest.model.design.relational.FKIndexAssociation" directorySegmentName="seg_0" id="8658E5D4-87A3-620D-92D7-B86CE9DF3340" containerWithKeyObject="686CA384-6F57-93DC-6786-3BD3635CF5A6" localFKIndex="7D7164EE-C741-73A6-0362-6D426C815AF7" name="Cart_User_FK">
<createdBy>Ania</createdBy>
<createdTime>2023-12-19 11:16:21 UTC</createdTime>
<generatorID>F8135A71-8545-3724-CB06-F3C49FD9CC46</generatorID>
<ownerDesignName>nowawersjabazydanych</ownerDesignName>
<referredTableLongName>User</referredTableLongName>
<deleteRule>NO ACTION</deleteRule>
<referredTableID>4612FAD8-5A0E-DD28-F031-257AFC8C7CE0</referredTableID>
<keyObject>8D5E54A2-DE44-6FD4-AEA5-92B05D740730</keyObject>
<referredKeyID>8D5E54A2-DE44-6FD4-AEA5-92B05D740730</referredKeyID>
<mandatory>true</mandatory>
<refColNames>UserKey</refColNames>
<transferable>true</transferable>
<rely>false</rely>
<columnDependencyConstraintGenerateInDDL>true</columnDependencyConstraintGenerateInDDL>
</FKIndexAssociation>