<?xml version = '1.0' encoding = 'UTF-8'?>
<FKIndexAssociation class="oracle.dbtools.crest.model.design.relational.FKIndexAssociation" directorySegmentName="seg_0" id="8E93167F-3AB6-386A-01F3-F91FE7921E09" containerWithKeyObject="177C1E49-1BAB-CF8D-E1CE-B2217B24F29C" localFKIndex="10E8D89C-C58A-68FC-334D-A80BCBC4313B" name="OP_Product_FK">
<createdBy>Ania</createdBy>
<createdTime>2023-12-19 11:16:21 UTC</createdTime>
<generatorID>907644A0-C8F7-2983-8B24-1F97124732D0</generatorID>
<ownerDesignName>nowawersjabazydanych</ownerDesignName>
<referredTableLongName>Product</referredTableLongName>
<deleteRule>NO ACTION</deleteRule>
<referredTableID>A42522E6-E38E-5419-CECF-B44924A7A47E</referredTableID>
<keyObject>39812352-0709-2E79-7A0B-BACA0B66CAAF</keyObject>
<referredKeyID>39812352-0709-2E79-7A0B-BACA0B66CAAF</referredKeyID>
<mandatory>true</mandatory>
<refColNames>ProductKey</refColNames>
<transferable>true</transferable>
<rely>false</rely>
<columnDependencyConstraintGenerateInDDL>true</columnDependencyConstraintGenerateInDDL>
</FKIndexAssociation>