<?xml version = '1.0' encoding = 'UTF-8'?>
<FKIndexAssociation class="oracle.dbtools.crest.model.design.relational.FKIndexAssociation" directorySegmentName="seg_0" id="9918D495-F7C5-1397-9B9E-1897E3AFA928" containerWithKeyObject="A42522E6-E38E-5419-CECF-B44924A7A47E" localFKIndex="F9FA7854-F165-0C56-F911-414D63EA82BD" name="Product_ProductBrand_FK">
<createdBy>Ania</createdBy>
<createdTime>2023-12-19 11:16:21 UTC</createdTime>
<generatorID>78BBD255-7CB0-3163-283F-CA9E95852FBA</generatorID>
<ownerDesignName>nowawersjabazydanych</ownerDesignName>
<referredTableLongName>ProductBrand</referredTableLongName>
<deleteRule>NO ACTION</deleteRule>
<referredTableID>32E8FD37-BE7A-2CBB-FFE5-80A4E66E246F</referredTableID>
<keyObject>65695501-2750-0014-E8B3-2F122C0B363E</keyObject>
<referredKeyID>65695501-2750-0014-E8B3-2F122C0B363E</referredKeyID>
<mandatory>true</mandatory>
<refColNames>ProductBrandKey</refColNames>
<transferable>true</transferable>
<rely>false</rely>
<columnDependencyConstraintGenerateInDDL>true</columnDependencyConstraintGenerateInDDL>
</FKIndexAssociation>