<?xml version = '1.0' encoding = 'UTF-8'?>
<FKIndexAssociation class="oracle.dbtools.crest.model.design.relational.FKIndexAssociation" directorySegmentName="seg_0" id="9C3427D0-3BE4-CBC8-9C55-55B09F7136CA" containerWithKeyObject="177C1E49-1BAB-CF8D-E1CE-B2217B24F29C" localFKIndex="EE7E0BF9-A26E-7B92-8EBF-0D2F8BE2D913" name="OP_ProductWarranty_FK">
<createdBy>Darek</createdBy>
<createdTime>2023-12-28 16:48:54 UTC</createdTime>
<generatorID>8A900FBD-046B-0F42-538B-454DD73073BC</generatorID>
<ownerDesignName>nowawersjabazydanych</ownerDesignName>
<referredTableLongName>ProductWarranty</referredTableLongName>
<deleteRule>NO ACTION</deleteRule>
<referredTableID>8AA8B9C1-AF6A-3170-1531-CCA63CCB2893</referredTableID>
<keyObject>D56C651C-B675-38CB-80E7-A276879B016C</keyObject>
<referredKeyID>D56C651C-B675-38CB-80E7-A276879B016C</referredKeyID>
<mandatory>true</mandatory>
<refColNames>WarrantyKey</refColNames>
<transferable>true</transferable>
<rely>false</rely>
<columnDependencyConstraintGenerateInDDL>true</columnDependencyConstraintGenerateInDDL>
</FKIndexAssociation>