<?xml version = '1.0' encoding = 'UTF-8'?>
<FKIndexAssociation class="oracle.dbtools.crest.model.design.relational.FKIndexAssociation" directorySegmentName="seg_0" id="9CED516C-8D46-FEC8-42FC-4EB13B0D0014" containerWithKeyObject="A42522E6-E38E-5419-CECF-B44924A7A47E" localFKIndex="189EE16E-CADA-391C-D7EB-E30896BD4D49" name="Product_ProductSubcategory_FK">
<createdBy>Ania</createdBy>
<createdTime>2023-12-19 11:16:21 UTC</createdTime>
<generatorID>6763D97D-060B-EEB6-1C83-CA4E109949EF</generatorID>
<ownerDesignName>nowawersjabazydanych</ownerDesignName>
<referredTableLongName>ProductSubcategory</referredTableLongName>
<deleteRule>NO ACTION</deleteRule>
<referredTableID>1E90E0E4-8ED4-087C-CBF0-A8C60D0ACD56</referredTableID>
<keyObject>01C777A3-52D7-2A27-560D-DE8428DC9A2D</keyObject>
<referredKeyID>01C777A3-52D7-2A27-560D-DE8428DC9A2D</referredKeyID>
<mandatory>true</mandatory>
<refColNames>SubcategoryKey</refColNames>
<transferable>true</transferable>
<rely>false</rely>
<columnDependencyConstraintGenerateInDDL>true</columnDependencyConstraintGenerateInDDL>
</FKIndexAssociation>