<?xml version = '1.0' encoding = 'UTF-8'?>
<FKIndexAssociation class="oracle.dbtools.crest.model.design.relational.FKIndexAssociation" directorySegmentName="seg_0" id="B40F83D6-5607-5134-570E-5F48141DBBE1" containerWithKeyObject="761BB45D-18E0-5A76-338B-7EE96710E97A" localFKIndex="C1FF0D10-BA93-CA77-F47A-FA1C75A6F19D" name="Country_SalesTerritory_FK">
<createdBy>Ania</createdBy>
<createdTime>2023-12-19 11:16:21 UTC</createdTime>
<generatorID>FD966A8B-3697-5571-FCD3-FED538CF4008</generatorID>
<ownerDesignName>nowawersjabazydanych</ownerDesignName>
<referredTableLongName>SalesTerritory</referredTableLongName>
<deleteRule>NO ACTION</deleteRule>
<referredTableID>574C1DFD-CCEA-5AE2-F4CD-41E3B7609AB2</referredTableID>
<keyObject>CE17F6FE-F52F-302C-0EB5-E3DFF526C4FB</keyObject>
<referredKeyID>CE17F6FE-F52F-302C-0EB5-E3DFF526C4FB</referredKeyID>
<mandatory>true</mandatory>
<refColNames>SalesTerrytoryKey</refColNames>
<transferable>true</transferable>
<rely>false</rely>
<columnDependencyConstraintGenerateInDDL>true</columnDependencyConstraintGenerateInDDL>
</FKIndexAssociation>