<?xml version = '1.0' encoding = 'UTF-8'?>
<FKIndexAssociation class="oracle.dbtools.crest.model.design.relational.FKIndexAssociation" directorySegmentName="seg_0" id="B72A3FC2-06D0-45E4-86B1-6A801F6CB5BD" containerWithKeyObject="957D2AE2-1BCD-9AD6-07C1-7E239A683B75" localFKIndex="EABEA85D-5FB7-BF32-0574-89505776C334" name="AddressList_Country_FK">
<createdBy>Ania</createdBy>
<createdTime>2023-12-19 11:16:21 UTC</createdTime>
<generatorID>E7C156FF-996F-B94D-6E36-B03146C27EC1</generatorID>
<ownerDesignName>nowawersjabazydanych</ownerDesignName>
<referredTableLongName>Country</referredTableLongName>
<deleteRule>NO ACTION</deleteRule>
<referredTableID>761BB45D-18E0-5A76-338B-7EE96710E97A</referredTableID>
<keyObject>AF6DFFD0-1149-A88C-1BE4-D430C855F534</keyObject>
<referredKeyID>AF6DFFD0-1149-A88C-1BE4-D430C855F534</referredKeyID>
<mandatory>true</mandatory>
<refColNames>CountryKey</refColNames>
<transferable>true</transferable>
<rely>false</rely>
<columnDependencyConstraintGenerateInDDL>true</columnDependencyConstraintGenerateInDDL>
</FKIndexAssociation>