<?xml version = '1.0' encoding = 'UTF-8'?>
<FKIndexAssociation class="oracle.dbtools.crest.model.design.relational.FKIndexAssociation" directorySegmentName="seg_0" id="C285CC98-DA7F-6891-BD60-8297AAAB3C30" containerWithKeyObject="4B4A0D92-6611-A374-14FF-9C03052F570B" localFKIndex="BF76A776-7091-57D6-FD9A-689AE2481F5C" name="CD_Complaint_FK">
<createdBy>Ania</createdBy>
<createdTime>2023-12-19 11:16:21 UTC</createdTime>
<generatorID>73199569-50CF-60F7-D795-4ABEAA2A43C8</generatorID>
<ownerDesignName>nowawersjabazydanych</ownerDesignName>
<referredTableLongName>Complaint</referredTableLongName>
<deleteRule>NO ACTION</deleteRule>
<referredTableID>639CC330-A5AC-1D7F-7CC0-A7F705668851</referredTableID>
<keyObject>61AA0171-B8F3-EA24-1337-5446062AFC58</keyObject>
<referredKeyID>61AA0171-B8F3-EA24-1337-5446062AFC58</referredKeyID>
<mandatory>true</mandatory>
<refColNames>ComplaintKey</refColNames>
<transferable>true</transferable>
<rely>false</rely>
<columnDependencyConstraintGenerateInDDL>true</columnDependencyConstraintGenerateInDDL>
</FKIndexAssociation>