<?xml version = '1.0' encoding = 'UTF-8'?>
<FKIndexAssociation class="oracle.dbtools.crest.model.design.relational.FKIndexAssociation" directorySegmentName="seg_0" id="CC79166C-CE04-C4D2-DF30-71314ED90CFB" containerWithKeyObject="4FCAABFE-5AC6-33A4-EAE7-E7DF349B4991" localFKIndex="A12A4195-5091-AAF1-168A-818788C57AB4" name="ProductModel_FKv2">
<createdBy>Ania</createdBy>
<createdTime>2023-12-19 11:16:21 UTC</createdTime>
<generatorID>8AF93C8D-10B8-4821-89B9-F1ED65FCA03A</generatorID>
<ownerDesignName>nowawersjabazydanych</ownerDesignName>
<referredTableLongName>ProductModel</referredTableLongName>
<deleteRule>NO ACTION</deleteRule>
<referredTableID>E3FAC90F-A1F4-EEFB-584B-4C9E2614A47D</referredTableID>
<keyObject>2A87AE6F-490D-E756-914F-677AB4190C0B</keyObject>
<referredKeyID>2A87AE6F-490D-E756-914F-677AB4190C0B</referredKeyID>
<mandatory>true</mandatory>
<refColNames>ProductModelKey</refColNames>
<transferable>true</transferable>
<rely>false</rely>
<columnDependencyConstraintGenerateInDDL>true</columnDependencyConstraintGenerateInDDL>
</FKIndexAssociation>