<?xml version = '1.0' encoding = 'UTF-8'?>
<FKIndexAssociation class="oracle.dbtools.crest.model.design.relational.FKIndexAssociation" directorySegmentName="seg_0" id="E314B762-4010-DBE2-8D97-562E86BABEC6" containerWithKeyObject="3CB0CC5E-D1D5-9BE8-8044-CE3BBE47CEE4" localFKIndex="FBA925FD-9059-3FB0-6DF3-C2A2AFE8EBB2" name="CartContent_Cart_FK">
<createdBy>Ania</createdBy>
<createdTime>2023-12-19 11:16:21 UTC</createdTime>
<generatorID>ABD4233E-388D-C100-724A-E9D11C3B59D9</generatorID>
<ownerDesignName>nowawersjabazydanych</ownerDesignName>
<referredTableLongName>Cart</referredTableLongName>
<deleteRule>NO ACTION</deleteRule>
<referredTableID>686CA384-6F57-93DC-6786-3BD3635CF5A6</referredTableID>
<keyObject>2956D2BB-3B24-4069-B072-BA2F54E767CC</keyObject>
<referredKeyID>2956D2BB-3B24-4069-B072-BA2F54E767CC</referredKeyID>
<mandatory>true</mandatory>
<refColNames>CartKey</refColNames>
<transferable>true</transferable>
<rely>false</rely>
<columnDependencyConstraintGenerateInDDL>true</columnDependencyConstraintGenerateInDDL>
</FKIndexAssociation>