<?xml version = '1.0' encoding = 'UTF-8'?>
<FKIndexAssociation class="oracle.dbtools.crest.model.design.relational.FKIndexAssociation" directorySegmentName="seg_0" id="E7B79A33-71FA-5B90-F6DD-3882C2B828E7" containerWithKeyObject="E3FAC90F-A1F4-EEFB-584B-4C9E2614A47D" localFKIndex="3EAD54BA-8FC2-BB0D-2283-9458205248C5" name="PM_ProductColor_FK">
<createdBy>Ania</createdBy>
<createdTime>2023-12-19 11:16:21 UTC</createdTime>
<generatorID>CFE29293-0B3E-A93C-229D-4D257E7EE8D7</generatorID>
<ownerDesignName>nowawersjabazydanych</ownerDesignName>
<referredTableLongName>ProductColor</referredTableLongName>
<deleteRule>NO ACTION</deleteRule>
<referredTableID>0851B298-4586-8FD2-FD3C-FBDBB40C2095</referredTableID>
<keyObject>E3D441DF-308C-52E3-76AF-AAF201CB0287</keyObject>
<referredKeyID>E3D441DF-308C-52E3-76AF-AAF201CB0287</referredKeyID>
<mandatory>true</mandatory>
<refColNames>ProductColorKey</refColNames>
<transferable>true</transferable>
<rely>false</rely>
<columnDependencyConstraintGenerateInDDL>true</columnDependencyConstraintGenerateInDDL>
</FKIndexAssociation>