<?xml version = '1.0' encoding = 'UTF-8'?>
<FKIndexAssociation class="oracle.dbtools.crest.model.design.relational.FKIndexAssociation" directorySegmentName="seg_0" id="F078E5C0-B258-41A2-3A43-5FD1F132A4DE" containerWithKeyObject="4FCAABFE-5AC6-33A4-EAE7-E7DF349B4991" localFKIndex="1DD41E23-B1D6-4E33-3DB9-443251F26680" name="Promotion_FK">
<createdBy>Ania</createdBy>
<createdTime>2023-12-19 11:16:21 UTC</createdTime>
<generatorID>8AF93C8D-10B8-4821-89B9-F1ED65FCA03A</generatorID>
<ownerDesignName>nowawersjabazydanych</ownerDesignName>
<referredTableLongName>Promotion</referredTableLongName>
<deleteRule>NO ACTION</deleteRule>
<referredTableID>C098BA89-B4A4-9F8D-6F74-1E9FFE351106</referredTableID>
<keyObject>757AEBDB-3FF3-431D-7886-E725C941904A</keyObject>
<referredKeyID>757AEBDB-3FF3-431D-7886-E725C941904A</referredKeyID>
<mandatory>true</mandatory>
<refColNames>PromoKey</refColNames>
<transferable>true</transferable>
<rely>false</rely>
<columnDependencyConstraintGenerateInDDL>true</columnDependencyConstraintGenerateInDDL>
</FKIndexAssociation>