<?xml version = '1.0' encoding = 'UTF-8'?>
<FKIndexAssociation class="oracle.dbtools.crest.model.design.relational.FKIndexAssociation" directorySegmentName="seg_0" id="F67D948D-B848-6C69-8FE2-E336C84B7F2C" containerWithKeyObject="ADCBE278-9C80-1C66-2128-36A82C76484A" localFKIndex="081F066F-15A1-6BCA-9AD7-01A65F3A92A8" name="Ordered_Products_FK">
<createdBy>Ania</createdBy>
<createdTime>2023-12-19 11:16:21 UTC</createdTime>
<generatorID>E8FBCD8E-64D3-6F62-8E01-ABC5D58D8B15</generatorID>
<ownerDesignName>nowawersjabazydanych</ownerDesignName>
<referredTableLongName>OrderedProducts</referredTableLongName>
<deleteRule>NO ACTION</deleteRule>
<referredTableID>177C1E49-1BAB-CF8D-E1CE-B2217B24F29C</referredTableID>
<keyObject>BCE742E9-8A9D-3D7C-C92D-BCD436BC1490</keyObject>
<referredKeyID>BCE742E9-8A9D-3D7C-C92D-BCD436BC1490</referredKeyID>
<mandatory>true</mandatory>
<refColNames>Ordered_Products_ID</refColNames>
<transferable>true</transferable>
<rely>false</rely>
<columnDependencyConstraintGenerateInDDL>true</columnDependencyConstraintGenerateInDDL>
</FKIndexAssociation>