<?xml version = '1.0' encoding = 'UTF-8'?>
<FKIndexAssociation class="oracle.dbtools.crest.model.design.relational.FKIndexAssociation" directorySegmentName="seg_0" id="F799A13D-FEF5-EB67-3BAC-E7F313EB8198" containerWithKeyObject="3CB0CC5E-D1D5-9BE8-8044-CE3BBE47CEE4" localFKIndex="DD7E59DF-760C-0F79-5B62-7322B2116897" name="CartContent_Product_FK">
<createdBy>Ania</createdBy>
<createdTime>2023-12-19 11:16:20 UTC</createdTime>
<generatorID>8945388B-9186-4153-8184-5A72B3396970</generatorID>
<ownerDesignName>nowawersjabazydanych</ownerDesignName>
<referredTableLongName>Product</referredTableLongName>
<deleteRule>NO ACTION</deleteRule>
<referredTableID>A42522E6-E38E-5419-CECF-B44924A7A47E</referredTableID>
<keyObject>39812352-0709-2E79-7A0B-BACA0B66CAAF</keyObject>
<referredKeyID>39812352-0709-2E79-7A0B-BACA0B66CAAF</referredKeyID>
<mandatory>true</mandatory>
<refColNames>ProductKey</refColNames>
<transferable>true</transferable>
<rely>false</rely>
<columnDependencyConstraintGenerateInDDL>true</columnDependencyConstraintGenerateInDDL>
</FKIndexAssociation>