<?xml version = '1.0' encoding = 'UTF-8'?>
<FKIndexAssociation class="oracle.dbtools.crest.model.design.relational.FKIndexAssociation" directorySegmentName="seg_0" id="FB5E85B8-AD67-8083-5D04-AA993B467271" containerWithKeyObject="8AA8B9C1-AF6A-3170-1531-CCA63CCB2893" localFKIndex="EB8C714A-FD3E-91FC-55D3-44E7E14AE290" name="PW_OrderedProducts_FK">
<createdBy>Darek</createdBy>
<createdTime>2023-12-28 16:48:54 UTC</createdTime>
<generatorID>8A900FBD-046B-0F42-538B-454DD73073BC</generatorID>
<ownerDesignName>nowawersjabazydanych</ownerDesignName>
<referredTableLongName>OrderedProducts</referredTableLongName>
<deleteRule>NO ACTION</deleteRule>
<referredTableID>177C1E49-1BAB-CF8D-E1CE-B2217B24F29C</referredTableID>
<keyObject>BCE742E9-8A9D-3D7C-C92D-BCD436BC1490</keyObject>
<referredKeyID>BCE742E9-8A9D-3D7C-C92D-BCD436BC1490</referredKeyID>
<mandatory>true</mandatory>
<refColNames>Ordered_Products_ID</refColNames>
<transferable>true</transferable>
<rely>false</rely>
<columnDependencyConstraintGenerateInDDL>true</columnDependencyConstraintGenerateInDDL>
</FKIndexAssociation>