<?xml version = '1.0' encoding = 'UTF-8'?>
<FKIndexAssociation class="oracle.dbtools.crest.model.design.relational.FKIndexAssociation" directorySegmentName="seg_0" id="FBEAD63F-38D0-6D5F-1587-B586AD67394A" containerWithKeyObject="3262282F-BC9A-A70D-CB7C-74B9C8033179" localFKIndex="4BA28E28-2C1B-99C7-72C1-A231CC1003FF" name="OH_CurrencyRate_FK">
<createdBy>Ania</createdBy>
<createdTime>2023-12-19 11:16:21 UTC</createdTime>
<generatorID>248A2FDE-3564-4753-5C96-55B46C339A94</generatorID>
<ownerDesignName>nowawersjabazydanych</ownerDesignName>
<referredTableLongName>CurrencyRate</referredTableLongName>
<deleteRule>NO ACTION</deleteRule>
<referredTableID>8EA5A360-E11E-688F-F5E6-ED07FD5F499E</referredTableID>
<keyObject>C2F19F43-A40B-84E0-8D03-FAB9055BDCAC</keyObject>
<referredKeyID>C2F19F43-A40B-84E0-8D03-FAB9055BDCAC</referredKeyID>
<mandatory>true</mandatory>
<refColNames>CurrencyRateKey</refColNames>
<transferable>true</transferable>
<rely>false</rely>
<columnDependencyConstraintGenerateInDDL>true</columnDependencyConstraintGenerateInDDL>
</FKIndexAssociation>