<?xml version = '1.0' encoding = 'UTF-8'?>
<relationalModel class="oracle.dbtools.crest.model.design.relational.RelationalDesign" name="Relational_1" id="881743FA-544B-5FAD-2A23-40DBA5BF150A" mainViewID="178C2A9F-AA15-7376-1E16-E9876A96F774">
<createdBy>Ania</createdBy>
<createdTime>2023-12-19 11:15:50 UTC</createdTime>
<ownerDesignName>nowawersjabazydanych</ownerDesignName>
<shouldBeOpen>false</shouldBeOpen>
<selectedRDBMSSite>32076570-2523-435C-2E92-BF29817DFF70</selectedRDBMSSite>
</relationalModel>