<?xml version = '1.0' encoding = 'UTF-8'?>
<Diagram class="oracle.dbtools.crest.swingui.relational.DPVRelational" name="Relational_1" id="178C2A9F-AA15-7376-1E16-E9876A96F774">
<createdBy>Ania</createdBy>
<modifiedBy>Ania</modifiedBy>
<createdTime>2023-12-19 11:15:50 UTC</createdTime>
<autoRoute>false</autoRoute>
<boxInbox>true</boxInbox>
<showLegend>false</showLegend>
<showLabels>false</showLabels>
<showRelAttributes>false</showRelAttributes>
<gridEnabled>false</gridEnabled>
<showGrid>false</showGrid>
<diagramColor>-1</diagramColor>
<display>false</display>
<notation>1</notation>
<objectViews>
<OView class="oracle.dbtools.crest.swingui.relational.TVTable" oid="019853F3-62D4-522E-0B91-A8FECE8FD2CC" otype="Table" vid="27E458F6-2E67-F3D6-F1EE-7F4C594327D8">
<hideElementsInCurrentOnly>false</hideElementsInCurrentOnly>
<bounds x="1187" y="1257" width="232" height="89"/>
</OView>
<OView class="oracle.dbtools.crest.swingui.relational.TVTable" oid="0851B298-4586-8FD2-FD3C-FBDBB40C2095" otype="Table" vid="56A9B437-6C8D-6EA3-4C3F-D63BD2EC71AE">
<hideElementsInCurrentOnly>false</hideElementsInCurrentOnly>
<bounds x="860" y="1142" width="266" height="80"/>
</OView>
<OView class="oracle.dbtools.crest.swingui.relational.TVTable" oid="0AB52D9E-1B60-67A4-E579-65E5BE72001C" otype="Table" vid="810C043D-9E6E-8136-3A43-E3D3796201C1">
<hideElementsInCurrentOnly>false</hideElementsInCurrentOnly>
<bounds x="811" y="9" width="299" height="133"/>
</OView>
<OView class="oracle.dbtools.crest.swingui.relational.TVTable" oid="177C1E49-1BAB-CF8D-E1CE-B2217B24F29C" otype="Table" vid="2435B812-AC11-EA95-ABAB-367495F724B8">
<hideElementsInCurrentOnly>false</hideElementsInCurrentOnly>
<bounds x="1110" y="687" width="371" height="235"/>
</OView>
<OView class="oracle.dbtools.crest.swingui.relational.TVTable" oid="1E90E0E4-8ED4-087C-CBF0-A8C60D0ACD56" otype="Table" vid="11067405-DC51-D039-1EF3-FA90484F5BC0">
<hideElementsInCurrentOnly>false</hideElementsInCurrentOnly>
<bounds x="771" y="818" width="319" height="133"/>
</OView>
<OView class="oracle.dbtools.crest.swingui.relational.TVTable" oid="24AA77C6-8D18-72F9-B316-D40A2916474B" otype="Table" vid="C9C01ABE-60CC-F3EE-FD9D-ECD2108547C3">
<hideElementsInCurrentOnly>false</hideElementsInCurrentOnly>
<bounds x="881" y="542" width="264" height="96"/>
</OView>
<OView class="oracle.dbtools.crest.swingui.relational.TVTable" oid="3262282F-BC9A-A70D-CB7C-74B9C8033179" otype="Table" vid="D1845AFA-5F7D-C31E-8234-6A0EC538EA8A">
<hideElementsInCurrentOnly>false</hideElementsInCurrentOnly>
<bounds x="1050" y="156" width="435" height="289"/>
</OView>
<OView class="oracle.dbtools.crest.swingui.relational.TVTable" oid="32E8FD37-BE7A-2CBB-FFE5-80A4E66E246F" otype="Table" vid="2DB516B6-0CA7-7F63-19EE-93F5F6568DA5">
<hideElementsInCurrentOnly>false</hideElementsInCurrentOnly>
<bounds x="800" y="691" width="256" height="85"/>
</OView>
<OView class="oracle.dbtools.crest.swingui.relational.TVTable" oid="3CB0CC5E-D1D5-9BE8-8044-CE3BBE47CEE4" otype="Table" vid="7FC1F63D-2B67-9AF1-B4E5-86839AB943BA">
<hideElementsInCurrentOnly>false</hideElementsInCurrentOnly>
<bounds x="536" y="467" width="279" height="155"/>
</OView>
<OView class="oracle.dbtools.crest.swingui.relational.TVTable" oid="425BD6B0-96C6-6844-2F38-3A92BADFEF22" otype="Table" vid="298E5D52-487D-393A-BDA2-5B4F0256C8E3">
<hideElementsInCurrentOnly>false</hideElementsInCurrentOnly>
<bounds x="1633" y="173" width="276" height="91"/>
</OView>
<OView class="oracle.dbtools.crest.swingui.relational.TVTable" oid="4612FAD8-5A0E-DD28-F031-257AFC8C7CE0" otype="Table" vid="F665E9C7-9221-E7F3-DCF1-8D51AD1C4E43">
<hideElementsInCurrentOnly>false</hideElementsInCurrentOnly>
<bounds x="80" y="429" width="306" height="152"/>
</OView>
<OView class="oracle.dbtools.crest.swingui.relational.TVTable" oid="4B4A0D92-6611-A374-14FF-9C03052F570B" otype="Table" vid="DD4B7E99-E837-AB62-9ED9-2C0FEC6068EF">
<hideElementsInCurrentOnly>false</hideElementsInCurrentOnly>
<bounds x="1550" y="805" width="356" height="164"/>
</OView>
<OView class="oracle.dbtools.crest.swingui.relational.TVTable" oid="4FCAABFE-5AC6-33A4-EAE7-E7DF349B4991" otype="Table" vid="8E3FB896-D1BF-1444-2A16-879BD0B8CF4B">
<hideElementsInCurrentOnly>false</hideElementsInCurrentOnly>
<bounds x="0" y="660" width="321" height="127"/>
</OView>
<OView class="oracle.dbtools.crest.swingui.relational.TVTable" oid="574C1DFD-CCEA-5AE2-F4CD-41E3B7609AB2" otype="Table" vid="CA9E43E2-F0C1-1F94-EFC4-4B8037030A1D">
<hideElementsInCurrentOnly>false</hideElementsInCurrentOnly>
<bounds x="24" y="0" width="267" height="101"/>
</OView>
<OView class="oracle.dbtools.crest.swingui.relational.TVTable" oid="629183C2-AC29-644D-D71B-2002B59D96B7" otype="Table" vid="EFE88638-610D-3F66-5187-1CD7587200D4">
<hideElementsInCurrentOnly>false</hideElementsInCurrentOnly>
<bounds x="1938" y="936" width="303" height="87"/>
</OView>
<OView class="oracle.dbtools.crest.swingui.relational.TVTable" oid="639CC330-A5AC-1D7F-7CC0-A7F705668851" otype="Table" vid="E43B8A9E-979A-FD5C-62A0-84908FFCE8E6">
<hideElementsInCurrentOnly>false</hideElementsInCurrentOnly>
<bounds x="1842" y="583" width="422" height="160"/>
</OView>
<OView class="oracle.dbtools.crest.swingui.relational.TVTable" oid="686CA384-6F57-93DC-6786-3BD3635CF5A6" otype="Table" vid="12764543-94F5-0A65-8459-1B8CE1A0637D">
<hideElementsInCurrentOnly>false</hideElementsInCurrentOnly>
<bounds x="750" y="251" width="257" height="137"/>
</OView>
<OView class="oracle.dbtools.crest.swingui.relational.TVTable" oid="68BDFBAF-41B2-BBDF-F799-B5788B5ABC95" otype="Table" vid="A03B2030-64E9-ADC6-D7AB-E09EFF0B13F2">
<hideElementsInCurrentOnly>false</hideElementsInCurrentOnly>
<bounds x="1782" y="453" width="207" height="107"/>
</OView>
<OView class="oracle.dbtools.crest.swingui.relational.TVTable" oid="761BB45D-18E0-5A76-338B-7EE96710E97A" otype="Table" vid="61F8CB72-75F2-AA16-658C-498EBE9BFDB4">
<hideElementsInCurrentOnly>false</hideElementsInCurrentOnly>
<bounds x="411" y="5" width="329" height="171"/>
</OView>
<OView class="oracle.dbtools.crest.swingui.relational.TVTable" oid="78323669-56F0-D2C6-118D-6A5D69F1F2F3" otype="Table" vid="79339ECC-7D16-67B3-E2B0-B7BFD1F130E1">
<hideElementsInCurrentOnly>false</hideElementsInCurrentOnly>
<bounds x="822" y="411" width="209" height="91"/>
</OView>
<OView class="oracle.dbtools.crest.swingui.relational.TVTable" oid="8AA8B9C1-AF6A-3170-1531-CCA63CCB2893" otype="Table" vid="ADE8751E-A23A-91A3-D213-1F3922A5FC40">
<hideElementsInCurrentOnly>false</hideElementsInCurrentOnly>
<bounds x="1162" y="1005" width="348" height="218"/>
</OView>
<OView class="oracle.dbtools.crest.swingui.relational.TVTable" oid="8EA5A360-E11E-688F-F5E6-ED07FD5F499E" otype="Table" vid="8117A1E0-E02A-0D2B-558E-0B6F697FD704">
<hideElementsInCurrentOnly>false</hideElementsInCurrentOnly>
<bounds x="1585" y="289" width="292" height="144"/>
</OView>
<OView class="oracle.dbtools.crest.swingui.relational.TVTable" oid="946F2796-0257-AE08-C2C6-1199B5D04EDA" otype="Table" vid="F05275E4-203E-285F-CA00-0CC9C06163BA">
<hideElementsInCurrentOnly>false</hideElementsInCurrentOnly>
<bounds x="422" y="203" width="281" height="162"/>
</OView>
<OView class="oracle.dbtools.crest.swingui.relational.TVTable" oid="957D2AE2-1BCD-9AD6-07C1-7E239A683B75" otype="Table" vid="552C982B-2DF2-993B-96B9-E4F03B98B050">
<hideElementsInCurrentOnly>false</hideElementsInCurrentOnly>
<bounds x="79" y="193" width="261" height="166"/>
</OView>
<OView class="oracle.dbtools.crest.swingui.relational.TVTable" oid="A42522E6-E38E-5419-CECF-B44924A7A47E" otype="Table" vid="5B3B7333-2538-78E4-8289-9746709A02AF">
<hideElementsInCurrentOnly>false</hideElementsInCurrentOnly>
<bounds x="369" y="792" width="374" height="158"/>
</OView>
<OView class="oracle.dbtools.crest.swingui.relational.TVTable" oid="ADCBE278-9C80-1C66-2128-36A82C76484A" otype="Table" vid="3C93FCF6-77AD-4D68-C0D1-40D476C91AEE">
<hideElementsInCurrentOnly>false</hideElementsInCurrentOnly>
<bounds x="1594" y="1117" width="335" height="156"/>
</OView>
<OView class="oracle.dbtools.crest.swingui.relational.TVTable" oid="ADE3D0D8-1CAE-6E0F-C347-1FE02F1CA8C9" otype="Table" vid="84864B24-AADF-E921-08B2-5677DC0C1349">
<hideElementsInCurrentOnly>false</hideElementsInCurrentOnly>
<bounds x="1590" y="5" width="283" height="144"/>
</OView>
<OView class="oracle.dbtools.crest.swingui.relational.TVTable" oid="B5E647F4-514E-8539-BDB1-87023E673580" otype="Table" vid="634036DE-5374-B963-15B3-292003F09597">
<hideElementsInCurrentOnly>false</hideElementsInCurrentOnly>
<bounds x="1160" y="470" width="347" height="161"/>
</OView>
<OView class="oracle.dbtools.crest.swingui.relational.TVTable" oid="BAEC0192-2156-5567-C911-FFE28203006C" otype="Table" vid="51015B89-5C4D-958E-9A41-17FA491011BD">
<hideElementsInCurrentOnly>false</hideElementsInCurrentOnly>
<bounds x="1180" y="13" width="229" height="129"/>
</OView>
<OView class="oracle.dbtools.crest.swingui.relational.TVTable" oid="C098BA89-B4A4-9F8D-6F74-1E9FFE351106" otype="Table" vid="F7CF2006-4539-5CDB-5E22-766154BFDED1">
<hideElementsInCurrentOnly>false</hideElementsInCurrentOnly>
<bounds x="0" y="1033" width="274" height="123"/>
</OView>
<OView class="oracle.dbtools.crest.swingui.relational.TVTable" oid="C8AE7FB1-8C0A-124B-451C-BA7818C80294" otype="Table" vid="C9F1D63A-CA1E-69C5-584A-2140F0F2DF72">
<hideElementsInCurrentOnly>false</hideElementsInCurrentOnly>
<bounds x="1526" y="477" width="215" height="86"/>
</OView>
<OView class="oracle.dbtools.crest.swingui.relational.TVTable" oid="CD550A51-126F-C426-3A2C-A7985DD1C05F" otype="Table" vid="79B46E3F-0B02-51ED-2057-1D5C97AF738B">
<hideElementsInCurrentOnly>false</hideElementsInCurrentOnly>
<bounds x="325" y="1253" width="359" height="103"/>
</OView>
<OView class="oracle.dbtools.crest.swingui.relational.TVTable" oid="E3FAC90F-A1F4-EEFB-584B-4C9E2614A47D" otype="Table" vid="C26C3674-61F6-4581-D745-D77A70DE1A92">
<hideElementsInCurrentOnly>false</hideElementsInCurrentOnly>
<bounds x="330" y="1048" width="414" height="172"/>
</OView>
<OView class="oracle.dbtools.crest.swingui.relational.TVTable" oid="F14AE8D4-F5FA-7FA1-01AA-8E3143F2767B" otype="Table" vid="6F34AC3A-7D6F-A777-62F3-F7B4895EDA68">
<hideElementsInCurrentOnly>false</hideElementsInCurrentOnly>
<bounds x="401" y="669" width="208" height="85"/>
</OView>
<OView class="oracle.dbtools.crest.swingui.relational.TVTable" oid="FBC4148B-A5DB-EB7A-25FE-B268C1DE21FE" otype="Table" vid="E0BC7FFA-D872-04A5-BBC8-C274B271053A">
<hideElementsInCurrentOnly>false</hideElementsInCurrentOnly>
<bounds x="837" y="994" width="242" height="81"/>
</OView>
</objectViews>
<connectors>
<Connector class="oracle.dbtools.crest.swingui.relational.TVFKRelation" oid="07791379-1360-8540-02DA-336DBBBC21FC" otype="FKIndexAssociation" vid_source="79339ECC-7D16-67B3-E2B0-B7BFD1F130E1" vid_target="D1845AFA-5F7D-C31E-8234-6A0EC538EA8A">
<hideElementsInCurrentOnly>false</hideElementsInCurrentOnly>
<backgroundColor>-16777216</backgroundColor>
<lineWidth>1</lineWidth>
<points>
<point x="1031" y="428"/>
<point x="1050" y="428"/>
</points>
</Connector>
<Connector class="oracle.dbtools.crest.swingui.relational.TVFKRelation" oid="121BCB37-7A13-7883-180B-276EA073F09F" otype="FKIndexAssociation" vid_source="12764543-94F5-0A65-8459-1B8CE1A0637D" vid_target="D1845AFA-5F7D-C31E-8234-6A0EC538EA8A">
<hideElementsInCurrentOnly>false</hideElementsInCurrentOnly>
<backgroundColor>-16777216</backgroundColor>
<lineWidth>1</lineWidth>
<points>
<point x="1007" y="319"/>
<point x="1050" y="319"/>
</points>
</Connector>
<Connector class="oracle.dbtools.crest.swingui.relational.TVFKRelation" oid="1633E774-5D91-1434-F1D0-FFA16024B683" otype="FKIndexAssociation" vid_source="EFE88638-610D-3F66-5187-1CD7587200D4" vid_target="E43B8A9E-979A-FD5C-62A0-84908FFCE8E6">
<hideElementsInCurrentOnly>false</hideElementsInCurrentOnly>
<backgroundColor>-16777216</backgroundColor>
<lineWidth>1</lineWidth>
<points>
<point x="2089" y="936"/>
<point x="2089" y="743"/>
</points>
</Connector>
<Connector class="oracle.dbtools.crest.swingui.relational.TVFKRelation" oid="1A947B53-3B84-14CF-FC6B-5B1154B60098" otype="FKIndexAssociation" vid_source="F665E9C7-9221-E7F3-DCF1-8D51AD1C4E43" vid_target="F05275E4-203E-285F-CA00-0CC9C06163BA">
<hideElementsInCurrentOnly>false</hideElementsInCurrentOnly>
<backgroundColor>-16777216</backgroundColor>
<lineWidth>1</lineWidth>
<points>
<point x="346" y="429"/>
<point x="441" y="365"/>
</points>
</Connector>
<Connector class="oracle.dbtools.crest.swingui.relational.TVFKRelation" oid="23020E42-3E3F-B8E9-682A-58B98165FE0D" otype="FKIndexAssociation" vid_source="D1845AFA-5F7D-C31E-8234-6A0EC538EA8A" vid_target="634036DE-5374-B963-15B3-292003F09597">
<hideElementsInCurrentOnly>false</hideElementsInCurrentOnly>
<backgroundColor>-16777216</backgroundColor>
<lineWidth>1</lineWidth>
<points>
<point x="1322" y="445"/>
<point x="1322" y="470"/>
</points>
</Connector>
<Connector class="oracle.dbtools.crest.swingui.relational.TVFKRelation" oid="328DC7A2-498F-335F-D116-B68DF2664EE8" otype="FKIndexAssociation" vid_source="2435B812-AC11-EA95-ABAB-367495F724B8" vid_target="DD4B7E99-E837-AB62-9ED9-2C0FEC6068EF">
<hideElementsInCurrentOnly>false</hideElementsInCurrentOnly>
<backgroundColor>-16777216</backgroundColor>
<lineWidth>1</lineWidth>
<points>
<point x="1291" y="686"/>
<point x="1550" y="863"/>
</points>
</Connector>
<Connector class="oracle.dbtools.crest.swingui.relational.TVFKRelation" oid="36EF1465-97F0-3FFB-6E15-C2971F37F530" otype="FKIndexAssociation" vid_source="61F8CB72-75F2-AA16-658C-498EBE9BFDB4" vid_target="810C043D-9E6E-8136-3A43-E3D3796201C1">
<hideElementsInCurrentOnly>false</hideElementsInCurrentOnly>
<backgroundColor>-16777216</backgroundColor>
<lineWidth>1</lineWidth>
<points>
<point x="740" y="75"/>
<point x="811" y="75"/>
</points>
</Connector>
<Connector class="oracle.dbtools.crest.swingui.relational.TVFKRelation" oid="3C07915E-E822-2AC4-8DC5-4B2114722379" otype="FKIndexAssociation" vid_source="F05275E4-203E-285F-CA00-0CC9C06163BA" vid_target="552C982B-2DF2-993B-96B9-E4F03B98B050">
<hideElementsInCurrentOnly>false</hideElementsInCurrentOnly>
<backgroundColor>-16777216</backgroundColor>
<lineWidth>1</lineWidth>
<points>
<point x="422" y="281"/>
<point x="340" y="281"/>
</points>
</Connector>
<Connector class="oracle.dbtools.crest.swingui.relational.TVFKRelation" oid="4786CC05-F176-BB4C-5492-6F4952DB8CC0" otype="FKIndexAssociation" vid_source="E0BC7FFA-D872-04A5-BBC8-C274B271053A" vid_target="11067405-DC51-D039-1EF3-FA90484F5BC0">
<hideElementsInCurrentOnly>false</hideElementsInCurrentOnly>
<backgroundColor>-16777216</backgroundColor>
<lineWidth>1</lineWidth>
<points>
<point x="958" y="994"/>
<point x="958" y="951"/>
</points>
</Connector>
<Connector class="oracle.dbtools.crest.swingui.relational.TVFKRelation" oid="48F1DD39-319A-FAF0-156F-64E232AE4E99" otype="FKIndexAssociation" vid_source="27E458F6-2E67-F3D6-F1EE-7F4C594327D8" vid_target="3C93FCF6-77AD-4D68-C0D1-40D476C91AEE">
<hideElementsInCurrentOnly>false</hideElementsInCurrentOnly>
<backgroundColor>-16777216</backgroundColor>
<lineWidth>1</lineWidth>
<points>
<point x="1419" y="1265"/>
<point x="1594" y="1265"/>
</points>
</Connector>
<Connector class="oracle.dbtools.crest.swingui.relational.TVFKRelation" oid="49F7FFE3-77D3-F7CF-8B57-2A2E2D108B68" otype="FKIndexAssociation" vid_source="298E5D52-487D-393A-BDA2-5B4F0256C8E3" vid_target="D1845AFA-5F7D-C31E-8234-6A0EC538EA8A">
<hideElementsInCurrentOnly>false</hideElementsInCurrentOnly>
<backgroundColor>-16777216</backgroundColor>
<lineWidth>1</lineWidth>
<points>
<point x="1633" y="218"/>
<point x="1485" y="218"/>
</points>
</Connector>
<Connector class="oracle.dbtools.crest.swingui.relational.TVFKRelation" oid="54494049-2D6F-C92C-EFEA-F20807249AF7" otype="FKIndexAssociation" vid_source="6F34AC3A-7D6F-A777-62F3-F7B4895EDA68" vid_target="F665E9C7-9221-E7F3-DCF1-8D51AD1C4E43">
<hideElementsInCurrentOnly>false</hideElementsInCurrentOnly>
<backgroundColor>-16777216</backgroundColor>
<lineWidth>1</lineWidth>
<points>
<point x="449" y="669"/>
<point x="333" y="581"/>
</points>
</Connector>
<Connector class="oracle.dbtools.crest.swingui.relational.TVFKRelation" oid="55D149D7-5E71-7053-C0DC-019785C6F03B" otype="FKIndexAssociation" vid_source="51015B89-5C4D-958E-9A41-17FA491011BD" vid_target="84864B24-AADF-E921-08B2-5677DC0C1349">
<hideElementsInCurrentOnly>false</hideElementsInCurrentOnly>
<backgroundColor>-16777216</backgroundColor>
<lineWidth>1</lineWidth>
<points>
<point x="1409" y="77"/>
<point x="1590" y="77"/>
</points>
</Connector>
<Connector class="oracle.dbtools.crest.swingui.relational.TVFKRelation" oid="5B07305C-DF88-A00B-0510-200998EF889E" otype="FKIndexAssociation" vid_source="C9C01ABE-60CC-F3EE-FD9D-ECD2108547C3" vid_target="D1845AFA-5F7D-C31E-8234-6A0EC538EA8A">
<hideElementsInCurrentOnly>false</hideElementsInCurrentOnly>
<backgroundColor>-16777216</backgroundColor>
<lineWidth>1</lineWidth>
<points>
<point x="1097" y="542"/>
<point x="1097" y="445"/>
</points>
</Connector>
<Connector class="oracle.dbtools.crest.swingui.relational.TVFKRelation" oid="5BEC4FEF-9CB7-BA66-27D8-26197C1F7FCE" otype="FKIndexAssociation" vid_source="5B3B7333-2538-78E4-8289-9746709A02AF" vid_target="C26C3674-61F6-4581-D745-D77A70DE1A92">
<hideElementsInCurrentOnly>false</hideElementsInCurrentOnly>
<backgroundColor>-16777216</backgroundColor>
<lineWidth>1</lineWidth>
<points>
<point x="571" y="950"/>
<point x="571" y="1048"/>
</points>
</Connector>
<Connector class="oracle.dbtools.crest.swingui.relational.TVFKRelation" oid="60A88F91-6013-649A-D002-D486E9220E94" otype="FKIndexAssociation" vid_source="C9F1D63A-CA1E-69C5-584A-2140F0F2DF72" vid_target="634036DE-5374-B963-15B3-292003F09597">
<hideElementsInCurrentOnly>false</hideElementsInCurrentOnly>
<backgroundColor>-16777216</backgroundColor>
<lineWidth>1</lineWidth>
<points>
<point x="1526" y="520"/>
<point x="1507" y="520"/>
</points>
</Connector>
<Connector class="oracle.dbtools.crest.swingui.relational.TVFKRelation" oid="6DFDBF22-5065-1561-93AA-E9FD362C0B78" otype="FKIndexAssociation" vid_source="A03B2030-64E9-ADC6-D7AB-E09EFF0B13F2" vid_target="8117A1E0-E02A-0D2B-558E-0B6F697FD704">
<hideElementsInCurrentOnly>false</hideElementsInCurrentOnly>
<backgroundColor>-16777216</backgroundColor>
<lineWidth>1</lineWidth>
<points>
<point x="1829" y="453"/>
<point x="1829" y="433"/>
</points>
</Connector>
<Connector class="oracle.dbtools.crest.swingui.relational.TVFKRelation" oid="6F673D33-B0D4-2F12-DA37-F698D7FCC5DF" otype="FKIndexAssociation" vid_source="D1845AFA-5F7D-C31E-8234-6A0EC538EA8A" vid_target="2435B812-AC11-EA95-ABAB-367495F724B8">
<hideElementsInCurrentOnly>false</hideElementsInCurrentOnly>
<backgroundColor>-16777216</backgroundColor>
<lineWidth>1</lineWidth>
<points>
<point x="1310" y="445"/>
<point x="1291" y="686"/>
</points>
</Connector>
<Connector class="oracle.dbtools.crest.swingui.relational.TVFKRelation" oid="79450099-7549-F244-E038-71791B83EE3E" otype="FKIndexAssociation" vid_source="810C043D-9E6E-8136-3A43-E3D3796201C1" vid_target="51015B89-5C4D-958E-9A41-17FA491011BD">
<hideElementsInCurrentOnly>false</hideElementsInCurrentOnly>
<backgroundColor>-16777216</backgroundColor>
<lineWidth>1</lineWidth>
<points>
<point x="1110" y="77"/>
<point x="1180" y="77"/>
</points>
</Connector>
<Connector class="oracle.dbtools.crest.swingui.relational.TVFKRelation" oid="81B39A2A-4E62-411E-32AF-5B19853E21D3" otype="FKIndexAssociation" vid_source="C26C3674-61F6-4581-D745-D77A70DE1A92" vid_target="79B46E3F-0B02-51ED-2057-1D5C97AF738B">
<hideElementsInCurrentOnly>false</hideElementsInCurrentOnly>
<backgroundColor>-16777216</backgroundColor>
<lineWidth>1</lineWidth>
<points>
<point x="507" y="1220"/>
<point x="507" y="1253"/>
</points>
</Connector>
<Connector class="oracle.dbtools.crest.swingui.relational.TVFKRelation" oid="8658E5D4-87A3-620D-92D7-B86CE9DF3340" otype="FKIndexAssociation" vid_source="F665E9C7-9221-E7F3-DCF1-8D51AD1C4E43" vid_target="12764543-94F5-0A65-8459-1B8CE1A0637D">
<hideElementsInCurrentOnly>false</hideElementsInCurrentOnly>
<backgroundColor>-16777216</backgroundColor>
<lineWidth>1</lineWidth>
<points>
<point x="386" y="461"/>
<point x="750" y="356"/>
</points>
</Connector>
<Connector class="oracle.dbtools.crest.swingui.relational.TVFKRelation" oid="8E93167F-3AB6-386A-01F3-F91FE7921E09" otype="FKIndexAssociation" vid_source="5B3B7333-2538-78E4-8289-9746709A02AF" vid_target="2435B812-AC11-EA95-ABAB-367495F724B8">
<hideElementsInCurrentOnly>false</hideElementsInCurrentOnly>
<backgroundColor>-16777216</backgroundColor>
<lineWidth>1</lineWidth>
<points>
<point x="743" y="857"/>
<point x="1129" y="686"/>
</points>
</Connector>
<Connector class="oracle.dbtools.crest.swingui.relational.TVFKRelation" oid="9918D495-F7C5-1397-9B9E-1897E3AFA928" otype="FKIndexAssociation" vid_source="2DB516B6-0CA7-7F63-19EE-93F5F6568DA5" vid_target="5B3B7333-2538-78E4-8289-9746709A02AF">
<hideElementsInCurrentOnly>false</hideElementsInCurrentOnly>
<backgroundColor>-16777216</backgroundColor>
<lineWidth>1</lineWidth>
<points>
<point x="813" y="776"/>
<point x="743" y="801"/>
</points>
</Connector>
<Connector class="oracle.dbtools.crest.swingui.relational.TVFKRelation" oid="9C3427D0-3BE4-CBC8-9C55-55B09F7136CA" otype="FKIndexAssociation" vid_source="ADE8751E-A23A-91A3-D213-1F3922A5FC40" vid_target="2435B812-AC11-EA95-ABAB-367495F724B8">
<hideElementsInCurrentOnly>false</hideElementsInCurrentOnly>
<backgroundColor>-16777216</backgroundColor>
<lineWidth>1</lineWidth>
<points>
<point x="1351" y="1005"/>
<point x="1291" y="686"/>
</points>
</Connector>
<Connector class="oracle.dbtools.crest.swingui.relational.TVFKRelation" oid="9CED516C-8D46-FEC8-42FC-4EB13B0D0014" otype="FKIndexAssociation" vid_source="11067405-DC51-D039-1EF3-FA90484F5BC0" vid_target="5B3B7333-2538-78E4-8289-9746709A02AF">
<hideElementsInCurrentOnly>false</hideElementsInCurrentOnly>
<backgroundColor>-16777216</backgroundColor>
<lineWidth>1</lineWidth>
<points>
<point x="771" y="884"/>
<point x="743" y="884"/>
</points>
</Connector>
<Connector class="oracle.dbtools.crest.swingui.relational.TVFKRelation" oid="B40F83D6-5607-5134-570E-5F48141DBBE1" otype="FKIndexAssociation" vid_source="CA9E43E2-F0C1-1F94-EFC4-4B8037030A1D" vid_target="61F8CB72-75F2-AA16-658C-498EBE9BFDB4">
<hideElementsInCurrentOnly>false</hideElementsInCurrentOnly>
<backgroundColor>-16777216</backgroundColor>
<lineWidth>1</lineWidth>
<points>
<point x="291" y="53"/>
<point x="411" y="53"/>
</points>
</Connector>
<Connector class="oracle.dbtools.crest.swingui.relational.TVFKRelation" oid="B72A3FC2-06D0-45E4-86B1-6A801F6CB5BD" otype="FKIndexAssociation" vid_source="61F8CB72-75F2-AA16-658C-498EBE9BFDB4" vid_target="552C982B-2DF2-993B-96B9-E4F03B98B050">
<hideElementsInCurrentOnly>false</hideElementsInCurrentOnly>
<backgroundColor>-16777216</backgroundColor>
<lineWidth>1</lineWidth>
<points>
<point x="411" y="173"/>
<point x="340" y="209"/>
</points>
</Connector>
<Connector class="oracle.dbtools.crest.swingui.relational.TVFKRelation" oid="C285CC98-DA7F-6891-BD60-8297AAAB3C30" otype="FKIndexAssociation" vid_source="E43B8A9E-979A-FD5C-62A0-84908FFCE8E6" vid_target="DD4B7E99-E837-AB62-9ED9-2C0FEC6068EF">
<hideElementsInCurrentOnly>false</hideElementsInCurrentOnly>
<backgroundColor>-16777216</backgroundColor>
<lineWidth>1</lineWidth>
<points>
<point x="1874" y="743"/>
<point x="1874" y="805"/>
</points>
</Connector>
<Connector class="oracle.dbtools.crest.swingui.relational.TVFKRelation" oid="CC79166C-CE04-C4D2-DF30-71314ED90CFB" otype="FKIndexAssociation" vid_source="C26C3674-61F6-4581-D745-D77A70DE1A92" vid_target="8E3FB896-D1BF-1444-2A16-879BD0B8CF4B">
<hideElementsInCurrentOnly>false</hideElementsInCurrentOnly>
<backgroundColor>-16777216</backgroundColor>
<lineWidth>1</lineWidth>
<points>
<point x="458" y="1048"/>
<point x="218" y="787"/>
</points>
</Connector>
<Connector class="oracle.dbtools.crest.swingui.relational.TVFKRelation" oid="E314B762-4010-DBE2-8D97-562E86BABEC6" otype="FKIndexAssociation" vid_source="12764543-94F5-0A65-8459-1B8CE1A0637D" vid_target="7FC1F63D-2B67-9AF1-B4E5-86839AB943BA">
<hideElementsInCurrentOnly>false</hideElementsInCurrentOnly>
<backgroundColor>-16777216</backgroundColor>
<lineWidth>1</lineWidth>
<points>
<point x="797" y="388"/>
<point x="797" y="467"/>
</points>
</Connector>
<Connector class="oracle.dbtools.crest.swingui.relational.TVFKRelation" oid="E7B79A33-71FA-5B90-F6DD-3882C2B828E7" otype="FKIndexAssociation" vid_source="56A9B437-6C8D-6EA3-4C3F-D63BD2EC71AE" vid_target="C26C3674-61F6-4581-D745-D77A70DE1A92">
<hideElementsInCurrentOnly>false</hideElementsInCurrentOnly>
<backgroundColor>-16777216</backgroundColor>
<lineWidth>1</lineWidth>
<points>
<point x="860" y="1181"/>
<point x="744" y="1181"/>
</points>
</Connector>
<Connector class="oracle.dbtools.crest.swingui.relational.TVFKRelation" oid="F078E5C0-B258-41A2-3A43-5FD1F132A4DE" otype="FKIndexAssociation" vid_source="F7CF2006-4539-5CDB-5E22-766154BFDED1" vid_target="8E3FB896-D1BF-1444-2A16-879BD0B8CF4B">
<hideElementsInCurrentOnly>false</hideElementsInCurrentOnly>
<backgroundColor>-16777216</backgroundColor>
<lineWidth>1</lineWidth>
<points>
<point x="137" y="1033"/>
<point x="137" y="787"/>
</points>
</Connector>
<Connector class="oracle.dbtools.crest.swingui.relational.TVFKRelation" oid="F67D948D-B848-6C69-8FE2-E336C84B7F2C" otype="FKIndexAssociation" vid_source="2435B812-AC11-EA95-ABAB-367495F724B8" vid_target="3C93FCF6-77AD-4D68-C0D1-40D476C91AEE">
<hideElementsInCurrentOnly>false</hideElementsInCurrentOnly>
<backgroundColor>-16777216</backgroundColor>
<lineWidth>1</lineWidth>
<points>
<point x="1435" y="922"/>
<point x="1668" y="1117"/>
</points>
</Connector>
<Connector class="oracle.dbtools.crest.swingui.relational.TVFKRelation" oid="F799A13D-FEF5-EB67-3BAC-E7F313EB8198" otype="FKIndexAssociation" vid_source="5B3B7333-2538-78E4-8289-9746709A02AF" vid_target="7FC1F63D-2B67-9AF1-B4E5-86839AB943BA">
<hideElementsInCurrentOnly>false</hideElementsInCurrentOnly>
<backgroundColor>-16777216</backgroundColor>
<lineWidth>1</lineWidth>
<points>
<point x="639" y="792"/>
<point x="639" y="622"/>
</points>
</Connector>
<Connector class="oracle.dbtools.crest.swingui.relational.TVFKRelation" oid="FB5E85B8-AD67-8083-5D04-AA993B467271" otype="FKIndexAssociation" vid_source="2435B812-AC11-EA95-ABAB-367495F724B8" vid_target="ADE8751E-A23A-91A3-D213-1F3922A5FC40">
<hideElementsInCurrentOnly>false</hideElementsInCurrentOnly>
<backgroundColor>-16777216</backgroundColor>
<lineWidth>1</lineWidth>
<points>
<point x="1291" y="686"/>
<point x="1366" y="1005"/>
</points>
</Connector>
<Connector class="oracle.dbtools.crest.swingui.relational.TVFKRelation" oid="FBEAD63F-38D0-6D5F-1587-B586AD67394A" otype="FKIndexAssociation" vid_source="8117A1E0-E02A-0D2B-558E-0B6F697FD704" vid_target="D1845AFA-5F7D-C31E-8234-6A0EC538EA8A">
<hideElementsInCurrentOnly>false</hideElementsInCurrentOnly>
<backgroundColor>-16777216</backgroundColor>
<lineWidth>1</lineWidth>
<points>
<point x="1585" y="361"/>
<point x="1485" y="361"/>
</points>
</Connector>
</connectors>
</Diagram>