<?xml version = '1.0' encoding = 'UTF-8'?>
<Table class="oracle.dbtools.crest.model.design.relational.Table" directorySegmentName="seg_0" id="019853F3-62D4-522E-0B91-A8FECE8FD2CC" name="ProductOpinion">
<createdBy>Ania</createdBy>
<createdTime>2023-12-19 11:16:20 UTC</createdTime>
<generatorID>F21D8B5D-FE57-9AC4-85F2-AC7EB80C8B15</generatorID>
<ownerDesignName>nowawersjabazydanych</ownerDesignName>
<allowColumnReorder>false</allowColumnReorder>
<existDependencyGenerateInDDl>true</existDependencyGenerateInDDl>
<parsed>true</parsed>
<columns itemClass="oracle.dbtools.crest.model.design.relational.Column">
<Column name="OpinionKey" id="9A7C0A00-FECA-45F4-B20F-DD457C5A953D">
<createdBy>Ania</createdBy>
<createdTime>2023-12-19 11:16:20 UTC</createdTime>
<generatorID>9F469A0E-D198-A0B0-2F78-63B48E5E1EB5</generatorID>
<ownerDesignName>nowawersjabazydanych</ownerDesignName>
<useDomainConstraints>false</useDomainConstraints>
<use>1</use>
<logicalDatatype>LOGDT019</logicalDatatype>
<dataTypePrecision>10</dataTypePrecision>
<ownDataTypeParameters>,10,</ownDataTypeParameters>
<autoIncrementCycle>false</autoIncrementCycle>
</Column>
<Column name="OpinionName" id="E3D6EFDF-9333-EA36-4622-E7AD3B84A231">
<createdBy>Ania</createdBy>
<createdTime>2023-12-19 11:16:20 UTC</createdTime>
<generatorID>452FC817-60F1-3E8A-D4A4-E2E7136776A9</generatorID>
<ownerDesignName>nowawersjabazydanych</ownerDesignName>
<useDomainConstraints>false</useDomainConstraints>
<use>1</use>
<logicalDatatype>LOGDT024</logicalDatatype>
<dataTypeSize>40</dataTypeSize>
<ownDataTypeParameters>40,,</ownDataTypeParameters>
<autoIncrementCycle>false</autoIncrementCycle>
</Column>
<Column name="OpinionText" id="BF555467-3311-BF1E-E7CB-890B182F9E75">
<createdBy>Ania</createdBy>
<createdTime>2023-12-19 11:16:20 UTC</createdTime>
<generatorID>DB893879-370D-62C5-0DDD-1910331271B2</generatorID>
<ownerDesignName>nowawersjabazydanych</ownerDesignName>
<useDomainConstraints>false</useDomainConstraints>
<use>1</use>
<logicalDatatype>LOGDT024</logicalDatatype>
<dataTypeSize>400</dataTypeSize>
<ownDataTypeParameters>400,,</ownDataTypeParameters>
<autoIncrementCycle>false</autoIncrementCycle>
</Column>
</columns>
<indexes itemClass="oracle.dbtools.crest.model.design.relational.Index">
<ind_PK_UK id="3495397B-1C99-9A5E-309D-3D0D90F17040" name="Product_Opinions_PK">
<createdBy>Ania</createdBy>
<createdTime>2023-12-19 11:16:20 UTC</createdTime>
<generatorID>5445F96C-5525-2D51-3BC5-2DC819B2EAF8</generatorID>
<ownerDesignName>nowawersjabazydanych</ownerDesignName>
<pk>true</pk>
<indexState>Primary Constraint</indexState>
<isSurrogateKey>false</isSurrogateKey>
<indexColumnUsage>
<colUsage columnID="9A7C0A00-FECA-45F4-B20F-DD457C5A953D"/>
</indexColumnUsage>
</ind_PK_UK>
</indexes>
</Table>