<?xml version = '1.0' encoding = 'UTF-8'?>
<Table class="oracle.dbtools.crest.model.design.relational.Table" directorySegmentName="seg_0" id="0AB52D9E-1B60-67A4-E579-65E5BE72001C" name="State">
<createdBy>Ania</createdBy>
<createdTime>2023-12-19 11:16:20 UTC</createdTime>
<generatorID>7D6F0686-0021-FAB0-F0C7-CE69537D5BC3</generatorID>
<ownerDesignName>nowawersjabazydanych</ownerDesignName>
<allowColumnReorder>false</allowColumnReorder>
<existDependencyGenerateInDDl>true</existDependencyGenerateInDDl>
<parsed>true</parsed>
<columns itemClass="oracle.dbtools.crest.model.design.relational.Column">
<Column name="StateKey" id="0A8B7738-1B25-517B-3AB8-9867783E81BC">
<createdBy>Ania</createdBy>
<createdTime>2023-12-19 11:16:20 UTC</createdTime>
<generatorID>2FCB6363-3CB1-D3B8-7BAD-368AD859B23B</generatorID>
<ownerDesignName>nowawersjabazydanych</ownerDesignName>
<useDomainConstraints>false</useDomainConstraints>
<use>1</use>
<logicalDatatype>LOGDT019</logicalDatatype>
<dataTypePrecision>5</dataTypePrecision>
<ownDataTypeParameters>,5,</ownDataTypeParameters>
<autoIncrementCycle>false</autoIncrementCycle>
</Column>
<Column name="StateName" id="AE4E1671-57BC-8469-B65A-A009D9FC6084">
<createdBy>Ania</createdBy>
<createdTime>2023-12-19 11:16:20 UTC</createdTime>
<generatorID>342D5C10-6157-EDD6-F020-ED13DD8AB970</generatorID>
<ownerDesignName>nowawersjabazydanych</ownerDesignName>
<useDomainConstraints>false</useDomainConstraints>
<use>1</use>
<logicalDatatype>LOGDT024</logicalDatatype>
<dataTypeSize>50</dataTypeSize>
<ownDataTypeParameters>50,,</ownDataTypeParameters>
<autoIncrementCycle>false</autoIncrementCycle>
</Column>
<Column name="CountryKey" id="58E350F8-6902-891D-2855-4B808B3A4B3A">
<createdBy>Ania</createdBy>
<createdTime>2023-12-19 11:16:20 UTC</createdTime>
<generatorID>36E410CA-6517-D024-2804-3660DD63B173</generatorID>
<ownerDesignName>nowawersjabazydanych</ownerDesignName>
<useDomainConstraints>false</useDomainConstraints>
<use>1</use>
<logicalDatatype>LOGDT019</logicalDatatype>
<dataTypePrecision>2</dataTypePrecision>
<ownDataTypeParameters>,,</ownDataTypeParameters>
<previousColumn>false</previousColumn>
<autoIncrementCycle>false</autoIncrementCycle>
<associations>
<colAssociation fkAssociation="36EF1465-97F0-3FFB-6E15-C2971F37F530" referredColumn="08A84039-FDF8-ACCE-0090-442DF33E3EDB"/>
</associations>
</Column>
</columns>
<indexes itemClass="oracle.dbtools.crest.model.design.relational.Index">
<ind_PK_UK id="04B8DC37-23F5-49A5-602A-75B8CFF37B9F" name="State_PK">
<createdBy>Ania</createdBy>
<createdTime>2023-12-19 11:16:20 UTC</createdTime>
<generatorID>07D340A2-EAB8-B14B-E589-512444A2DB09</generatorID>
<ownerDesignName>nowawersjabazydanych</ownerDesignName>
<pk>true</pk>
<indexState>Primary Constraint</indexState>
<isSurrogateKey>false</isSurrogateKey>
<indexColumnUsage>
<colUsage columnID="0A8B7738-1B25-517B-3AB8-9867783E81BC"/>
</indexColumnUsage>
</ind_PK_UK>
<ind_PK_UK id="E0057A90-DB04-6C67-76F6-5C111B7C23B7" name="State_StateName_UN">
<createdBy>Ania</createdBy>
<createdTime>2023-12-19 11:16:20 UTC</createdTime>
<generatorID>F6865F4C-4229-75A2-DDD4-153C0937F148</generatorID>
<ownerDesignName>nowawersjabazydanych</ownerDesignName>
<indexState>Unique Constraint</indexState>
<isSurrogateKey>false</isSurrogateKey>
<indexColumnUsage>
<colUsage columnID="AE4E1671-57BC-8469-B65A-A009D9FC6084"/>
</indexColumnUsage>
</ind_PK_UK>
<ind_PK_UK id="44238504-9873-9B11-1EAA-BFE1974D22A6" name="State_Country_FK">
<createdBy>Ania</createdBy>
<createdTime>2023-12-19 11:16:21 UTC</createdTime>
<generatorID>67D78465-B816-96C9-A9B7-8EFC82978E2E</generatorID>
<ownerDesignName>nowawersjabazydanych</ownerDesignName>
<indexState>Foreign Key</indexState>
<isSurrogateKey>false</isSurrogateKey>
<indexColumnUsage>
<colUsage columnID="58E350F8-6902-891D-2855-4B808B3A4B3A"/>
</indexColumnUsage>
</ind_PK_UK>
</indexes>
</Table>