<?xml version = '1.0' encoding = 'UTF-8'?>
<Table class="oracle.dbtools.crest.model.design.relational.Table" directorySegmentName="seg_0" id="177C1E49-1BAB-CF8D-E1CE-B2217B24F29C" name="OrderedProducts">
<createdBy>Ania</createdBy>
<createdTime>2023-12-19 11:16:20 UTC</createdTime>
<generatorID>8F7C6719-DEAA-13B3-4909-CE7616A45611</generatorID>
<ownerDesignName>nowawersjabazydanych</ownerDesignName>
<allowColumnReorder>false</allowColumnReorder>
<existDependencyGenerateInDDl>true</existDependencyGenerateInDDl>
<parsed>true</parsed>
<columns itemClass="oracle.dbtools.crest.model.design.relational.Column">
<Column name="Ordered_Products_ID" id="03D04377-CF40-E31B-8D59-A26ACE43E4BF">
<createdBy>Ania</createdBy>
<createdTime>2023-12-19 11:16:21 UTC</createdTime>
<ownerDesignName>nowawersjabazydanych</ownerDesignName>
<useDomainConstraints>false</useDomainConstraints>
<use>1</use>
<logicalDatatype>LOGDT019</logicalDatatype>
<dataTypePrecision>10</dataTypePrecision>
<ownDataTypeParameters>,10,</ownDataTypeParameters>
<autoIncrementColumn>true</autoIncrementColumn>
<identityColumn>true</identityColumn>
<autoIncrementCycle>false</autoIncrementCycle>
<isSurrogateColumn>true</isSurrogateColumn>
</Column>
<Column name="Quantity" id="028D707B-0C07-F2BF-0E1E-B3AD724A6FB6">
<createdBy>Ania</createdBy>
<createdTime>2023-12-19 11:16:20 UTC</createdTime>
<generatorID>F4FA5C9A-5C13-4146-AA0F-92EB37FD7D35</generatorID>
<ownerDesignName>nowawersjabazydanych</ownerDesignName>
<useDomainConstraints>false</useDomainConstraints>
<use>1</use>
<logicalDatatype>LOGDT019</logicalDatatype>
<dataTypePrecision>3</dataTypePrecision>
<ownDataTypeParameters>,3,</ownDataTypeParameters>
<autoIncrementCycle>false</autoIncrementCycle>
</Column>
<Column name="CatalogPrice" id="6AA2872F-FE62-55BB-F7FE-296228B85035">
<createdBy>Ania</createdBy>
<createdTime>2023-12-19 11:16:20 UTC</createdTime>
<generatorID>6E07965F-5647-7D11-38E4-A66177AE5489</generatorID>
<ownerDesignName>nowawersjabazydanych</ownerDesignName>
<useDomainConstraints>false</useDomainConstraints>
<use>1</use>
<logicalDatatype>LOGDT019</logicalDatatype>
<dataTypePrecision>7</dataTypePrecision>
<dataTypeScale>2</dataTypeScale>
<ownDataTypeParameters>,7,2</ownDataTypeParameters>
<autoIncrementCycle>false</autoIncrementCycle>
</Column>
<Column name="DiscountProcentage" id="3DF133D4-2E38-4DF9-A23C-97D1267D0CC5">
<createdBy>Ania</createdBy>
<createdTime>2023-12-19 11:16:20 UTC</createdTime>
<generatorID>B2BCC51A-BA54-1263-D121-18A7225EBF9B</generatorID>
<ownerDesignName>nowawersjabazydanych</ownerDesignName>
<useDomainConstraints>false</useDomainConstraints>
<use>1</use>
<logicalDatatype>LOGDT019</logicalDatatype>
<dataTypePrecision>2</dataTypePrecision>
<dataTypeScale>2</dataTypeScale>
<ownDataTypeParameters>,2,2</ownDataTypeParameters>
<autoIncrementCycle>false</autoIncrementCycle>
</Column>
<Column name="DiscountAmount" id="FC3E1590-A412-FF4D-94C2-23588D0217A0">
<createdBy>Ania</createdBy>
<createdTime>2023-12-19 11:16:20 UTC</createdTime>
<generatorID>D3097F83-CFE0-5362-7E85-0D4EE04F7B04</generatorID>
<ownerDesignName>nowawersjabazydanych</ownerDesignName>
<useDomainConstraints>false</useDomainConstraints>
<use>1</use>
<logicalDatatype>LOGDT019</logicalDatatype>
<dataTypePrecision>7</dataTypePrecision>
<dataTypeScale>2</dataTypeScale>
<ownDataTypeParameters>,7,2</ownDataTypeParameters>
<autoIncrementCycle>false</autoIncrementCycle>
</Column>
<Column name="OrderKey" id="746DB677-9041-7344-9342-DEBE772911B9">
<createdBy>Ania</createdBy>
<createdTime>2023-12-19 11:16:20 UTC</createdTime>
<generatorID>D4647BB7-FB12-A20A-F9C5-368334FA6D77</generatorID>
<ownerDesignName>nowawersjabazydanych</ownerDesignName>
<useDomainConstraints>false</useDomainConstraints>
<use>1</use>
<logicalDatatype>LOGDT019</logicalDatatype>
<dataTypePrecision>10</dataTypePrecision>
<ownDataTypeParameters>,,</ownDataTypeParameters>
<previousColumn>false</previousColumn>
<autoIncrementCycle>false</autoIncrementCycle>
<associations>
<colAssociation fkAssociation="6F673D33-B0D4-2F12-DA37-F698D7FCC5DF" referredColumn="A6B1663B-D314-EB70-3BF3-87FF3B3876F2"/>
</associations>
</Column>
<Column name="ProductKey" id="00B4B518-7597-5B55-81BF-14ADD262912C">
<createdBy>Ania</createdBy>
<createdTime>2023-12-19 11:16:20 UTC</createdTime>
<generatorID>1D99A6F5-FE33-AA3F-1E10-FF1E2DD3AF79</generatorID>
<ownerDesignName>nowawersjabazydanych</ownerDesignName>
<useDomainConstraints>false</useDomainConstraints>
<use>1</use>
<logicalDatatype>LOGDT019</logicalDatatype>
<dataTypePrecision>10</dataTypePrecision>
<ownDataTypeParameters>,,</ownDataTypeParameters>
<previousColumn>false</previousColumn>
<autoIncrementCycle>false</autoIncrementCycle>
<associations>
<colAssociation fkAssociation="8E93167F-3AB6-386A-01F3-F91FE7921E09" referredColumn="FE5514A4-3C0B-8E9D-EFE2-0335065B9D5A"/>
</associations>
</Column>
<Column name="WarrantyKey" id="1BF68C12-1351-1249-6DBF-49E56EF0CABA">
<createdBy>Ania</createdBy>
<createdTime>2023-12-19 11:16:20 UTC</createdTime>
<generatorID>E69D3DD4-7A52-7BFE-C958-41AAB5EAABCA</generatorID>
<ownerDesignName>nowawersjabazydanych</ownerDesignName>
<useDomainConstraints>false</useDomainConstraints>
<use>1</use>
<logicalDatatype>LOGDT019</logicalDatatype>
<dataTypePrecision>10</dataTypePrecision>
<ownDataTypeParameters>,,</ownDataTypeParameters>
<previousColumn>false</previousColumn>
<autoIncrementCycle>false</autoIncrementCycle>
<associations>
<colAssociation fkAssociation="9C3427D0-3BE4-CBC8-9C55-55B09F7136CA" referredColumn="38670E9F-803F-1F54-F020-EE54990F1303"/>
</associations>
</Column>
</columns>
<indexes itemClass="oracle.dbtools.crest.model.design.relational.Index">
<ind_PK_UK id="BCE742E9-8A9D-3D7C-C92D-BCD436BC1490" name="OrderedProducts_PK">
<createdBy>Ania</createdBy>
<createdTime>2023-12-19 11:16:21 UTC</createdTime>
<ownerDesignName>nowawersjabazydanych</ownerDesignName>
<pk>true</pk>
<indexState>Primary Constraint</indexState>
<indexColumnUsage>
<colUsage columnID="03D04377-CF40-E31B-8D59-A26ACE43E4BF"/>
</indexColumnUsage>
</ind_PK_UK>
<ind_PK_UK id="4D772E17-499A-A32C-E43A-BB30E3EA579E" name="Ordered_Products__IDX">
<createdBy>Ania</createdBy>
<createdTime>2023-12-19 11:16:21 UTC</createdTime>
<ownerDesignName>nowawersjabazydanych</ownerDesignName>
<indexState>Unique Plain Index</indexState>
<isSurrogateKey>false</isSurrogateKey>
<relationGeneratorID>8A900FBD-046B-0F42-538B-454DD73073BC</relationGeneratorID>
<indexColumnUsage>
<colUsage columnID="1BF68C12-1351-1249-6DBF-49E56EF0CABA"/>
</indexColumnUsage>
</ind_PK_UK>
<ind_PK_UK id="A9C954C5-4DC2-3AA7-E47E-80FA1DCC9F65" name="OP_OrderHeader_FK">
<createdBy>Ania</createdBy>
<createdTime>2023-12-19 11:16:21 UTC</createdTime>
<generatorID>CE39200C-7588-03C0-6FD0-366E27A288DE</generatorID>
<ownerDesignName>nowawersjabazydanych</ownerDesignName>
<indexState>Foreign Key</indexState>
<isSurrogateKey>false</isSurrogateKey>
<indexColumnUsage>
<colUsage columnID="746DB677-9041-7344-9342-DEBE772911B9"/>
</indexColumnUsage>
</ind_PK_UK>
<ind_PK_UK id="10E8D89C-C58A-68FC-334D-A80BCBC4313B" name="OP_Product_FK">
<createdBy>Ania</createdBy>
<createdTime>2023-12-19 11:16:21 UTC</createdTime>
<generatorID>907644A0-C8F7-2983-8B24-1F97124732D0</generatorID>
<ownerDesignName>nowawersjabazydanych</ownerDesignName>
<indexState>Foreign Key</indexState>
<isSurrogateKey>false</isSurrogateKey>
<indexColumnUsage>
<colUsage columnID="00B4B518-7597-5B55-81BF-14ADD262912C"/>
</indexColumnUsage>
</ind_PK_UK>
<ind_PK_UK id="EE7E0BF9-A26E-7B92-8EBF-0D2F8BE2D913" name="OP_ProductWarranty_FK">
<createdBy>Darek</createdBy>
<createdTime>2023-12-28 16:48:54 UTC</createdTime>
<generatorID>8A900FBD-046B-0F42-538B-454DD73073BC</generatorID>
<ownerDesignName>nowawersjabazydanych</ownerDesignName>
<indexState>Foreign Key</indexState>
<isSurrogateKey>false</isSurrogateKey>
<indexColumnUsage>
<colUsage columnID="1BF68C12-1351-1249-6DBF-49E56EF0CABA"/>
</indexColumnUsage>
</ind_PK_UK>
</indexes>
</Table>