<?xml version = '1.0' encoding = 'UTF-8'?>
<Table class="oracle.dbtools.crest.model.design.relational.Table" directorySegmentName="seg_0" id="1E90E0E4-8ED4-087C-CBF0-A8C60D0ACD56" name="ProductSubcategory">
<createdBy>Ania</createdBy>
<createdTime>2023-12-19 11:16:20 UTC</createdTime>
<generatorID>5F7AE731-8C43-1211-7204-58D4B1A10802</generatorID>
<ownerDesignName>nowawersjabazydanych</ownerDesignName>
<allowColumnReorder>false</allowColumnReorder>
<existDependencyGenerateInDDl>true</existDependencyGenerateInDDl>
<parsed>true</parsed>
<columns itemClass="oracle.dbtools.crest.model.design.relational.Column">
<Column name="CategoryKey" id="C87DB7E7-BFD4-12F9-CEC4-FC4542AB192A">
<createdBy>Ania</createdBy>
<createdTime>2023-12-19 11:16:20 UTC</createdTime>
<generatorID>29BE0FDE-9CC5-AE87-F6C4-9EC5FE008A5C</generatorID>
<ownerDesignName>nowawersjabazydanych</ownerDesignName>
<useDomainConstraints>false</useDomainConstraints>
<use>1</use>
<logicalDatatype>LOGDT019</logicalDatatype>
<dataTypePrecision>2</dataTypePrecision>
<ownDataTypeParameters>,,</ownDataTypeParameters>
<previousColumn>false</previousColumn>
<autoIncrementCycle>false</autoIncrementCycle>
<associations>
<colAssociation fkAssociation="4786CC05-F176-BB4C-5492-6F4952DB8CC0" referredColumn="C5A52ECE-2852-58AE-E6A4-2015FF703D4C"/>
</associations>
</Column>
<Column name="SubcategoryKey" id="A6FB361C-BB04-C078-99D5-2EBEC0930F4B">
<createdBy>Ania</createdBy>
<createdTime>2023-12-19 11:16:20 UTC</createdTime>
<generatorID>BFE632C8-550C-B088-212C-8C7A4890C0AD</generatorID>
<ownerDesignName>nowawersjabazydanych</ownerDesignName>
<useDomainConstraints>false</useDomainConstraints>
<use>1</use>
<logicalDatatype>LOGDT019</logicalDatatype>
<dataTypePrecision>2</dataTypePrecision>
<ownDataTypeParameters>,2,</ownDataTypeParameters>
<autoIncrementCycle>false</autoIncrementCycle>
</Column>
<Column name="SubcategoryName" id="487CECC0-5295-9B6A-94DB-BEBE7EC79690">
<createdBy>Ania</createdBy>
<createdTime>2023-12-19 11:16:20 UTC</createdTime>
<generatorID>8B4AA44C-B042-29EB-CC72-DEC53FEBA785</generatorID>
<ownerDesignName>nowawersjabazydanych</ownerDesignName>
<useDomainConstraints>false</useDomainConstraints>
<use>1</use>
<logicalDatatype>LOGDT024</logicalDatatype>
<dataTypeSize>40</dataTypeSize>
<ownDataTypeParameters>40,,</ownDataTypeParameters>
<autoIncrementCycle>false</autoIncrementCycle>
</Column>
</columns>
<indexes itemClass="oracle.dbtools.crest.model.design.relational.Index">
<ind_PK_UK id="01C777A3-52D7-2A27-560D-DE8428DC9A2D" name="Product_Subactegory_PK">
<createdBy>Ania</createdBy>
<createdTime>2023-12-19 11:16:20 UTC</createdTime>
<generatorID>1641F703-A735-29FD-417E-88040EF23BD0</generatorID>
<ownerDesignName>nowawersjabazydanych</ownerDesignName>
<pk>true</pk>
<indexState>Primary Constraint</indexState>
<isSurrogateKey>false</isSurrogateKey>
<indexColumnUsage>
<colUsage columnID="A6FB361C-BB04-C078-99D5-2EBEC0930F4B"/>
</indexColumnUsage>
</ind_PK_UK>
<ind_PK_UK id="7BBE41C8-03BD-237F-E842-2210B12CBC98" name="PS_ProductCategory_FK">
<createdBy>Ania</createdBy>
<createdTime>2023-12-19 11:16:21 UTC</createdTime>
<generatorID>75A3DA68-1DFB-F410-C4EE-9D4DC77CFE99</generatorID>
<ownerDesignName>nowawersjabazydanych</ownerDesignName>
<indexState>Foreign Key</indexState>
<isSurrogateKey>false</isSurrogateKey>
<indexColumnUsage>
<colUsage columnID="C87DB7E7-BFD4-12F9-CEC4-FC4542AB192A"/>
</indexColumnUsage>
</ind_PK_UK>
</indexes>
</Table>