<?xml version = '1.0' encoding = 'UTF-8'?>
<Table class="oracle.dbtools.crest.model.design.relational.Table" directorySegmentName="seg_0" id="3262282F-BC9A-A70D-CB7C-74B9C8033179" name="OrderHeader">
<createdBy>Ania</createdBy>
<createdTime>2023-12-19 11:16:20 UTC</createdTime>
<generatorID>9F406510-9535-9D3D-DFDD-B6C512AAC123</generatorID>
<ownerDesignName>nowawersjabazydanych</ownerDesignName>
<allowColumnReorder>false</allowColumnReorder>
<existDependencyGenerateInDDl>true</existDependencyGenerateInDDl>
<parsed>true</parsed>
<columns itemClass="oracle.dbtools.crest.model.design.relational.Column">
<Column name="OrderKey" id="A6B1663B-D314-EB70-3BF3-87FF3B3876F2">
<createdBy>Ania</createdBy>
<createdTime>2023-12-19 11:16:20 UTC</createdTime>
<generatorID>E37753ED-A6B9-0315-9F9B-61C100D09D84</generatorID>
<ownerDesignName>nowawersjabazydanych</ownerDesignName>
<useDomainConstraints>false</useDomainConstraints>
<use>1</use>
<logicalDatatype>LOGDT019</logicalDatatype>
<dataTypePrecision>10</dataTypePrecision>
<ownDataTypeParameters>,10,</ownDataTypeParameters>
<autoIncrementCycle>false</autoIncrementCycle>
</Column>
<Column name="OrderDate" id="7206D586-AA59-1E5A-A3B4-5B364E4D565C">
<createdBy>Ania</createdBy>
<createdTime>2023-12-19 11:16:20 UTC</createdTime>
<generatorID>0E7D852A-5444-B303-8BE8-528AB33F5D9C</generatorID>
<ownerDesignName>nowawersjabazydanych</ownerDesignName>
<useDomainConstraints>false</useDomainConstraints>
<use>1</use>
<logicalDatatype>LOGDT007</logicalDatatype>
<ownDataTypeParameters>,,</ownDataTypeParameters>
<autoIncrementCycle>false</autoIncrementCycle>
</Column>
<Column name="DeliveryDate" id="AE036FF3-CFC4-2959-230E-C62246D7752E">
<createdBy>Ania</createdBy>
<createdTime>2023-12-19 11:16:20 UTC</createdTime>
<generatorID>43ABB3FD-497A-6393-42B7-515F382C7881</generatorID>
<ownerDesignName>nowawersjabazydanych</ownerDesignName>
<useDomainConstraints>false</useDomainConstraints>
<use>1</use>
<logicalDatatype>LOGDT007</logicalDatatype>
<ownDataTypeParameters>,,</ownDataTypeParameters>
<autoIncrementCycle>false</autoIncrementCycle>
</Column>
<Column name="DeliveryCost" id="280ED5BC-8E32-0FCC-A6F9-19CA9A2B5A42">
<createdBy>Ania</createdBy>
<createdTime>2023-12-19 11:16:20 UTC</createdTime>
<generatorID>6A50532E-E85D-3D41-1BDE-10795ED8A875</generatorID>
<ownerDesignName>nowawersjabazydanych</ownerDesignName>
<useDomainConstraints>false</useDomainConstraints>
<use>1</use>
<logicalDatatype>LOGDT019</logicalDatatype>
<dataTypePrecision>10</dataTypePrecision>
<dataTypeScale>2</dataTypeScale>
<ownDataTypeParameters>,10,2</ownDataTypeParameters>
<autoIncrementCycle>false</autoIncrementCycle>
</Column>
<Column name="CartKey" id="D33335E9-2EE4-8D7B-7DAF-6BCDE212097C">
<createdBy>Ania</createdBy>
<createdTime>2023-12-19 11:16:20 UTC</createdTime>
<generatorID>D307D34E-7977-24F3-7893-B5BC77DAABDC</generatorID>
<ownerDesignName>nowawersjabazydanych</ownerDesignName>
<useDomainConstraints>false</useDomainConstraints>
<use>1</use>
<logicalDatatype>LOGDT019</logicalDatatype>
<dataTypePrecision>10</dataTypePrecision>
<ownDataTypeParameters>,,</ownDataTypeParameters>
<previousColumn>false</previousColumn>
<autoIncrementCycle>false</autoIncrementCycle>
<associations>
<colAssociation fkAssociation="121BCB37-7A13-7883-180B-276EA073F09F" referredColumn="79401C01-C21C-39D2-C707-BDE4C0BD5F31"/>
</associations>
</Column>
<Column name="DelieveryMethodKey" id="18285CCF-F9DC-9811-80E4-BEA36E0973FB">
<createdBy>Ania</createdBy>
<createdTime>2023-12-19 11:16:20 UTC</createdTime>
<generatorID>0C137DFF-7BBD-64C7-BCF1-DBC5249F2688</generatorID>
<ownerDesignName>nowawersjabazydanych</ownerDesignName>
<useDomainConstraints>false</useDomainConstraints>
<use>1</use>
<logicalDatatype>LOGDT019</logicalDatatype>
<dataTypePrecision>2</dataTypePrecision>
<ownDataTypeParameters>,,</ownDataTypeParameters>
<previousColumn>false</previousColumn>
<autoIncrementCycle>false</autoIncrementCycle>
<associations>
<colAssociation fkAssociation="49F7FFE3-77D3-F7CF-8B57-2A2E2D108B68" referredColumn="8C49FFA0-3160-B52E-1515-97B650A8DD2A"/>
</associations>
</Column>
<Column name="PaymentMethodKey" id="092E4EA9-7ACD-B594-9900-2ABA06D24256">
<createdBy>Ania</createdBy>
<createdTime>2023-12-19 11:16:20 UTC</createdTime>
<generatorID>F07437AD-848A-4DFD-B046-3E134E9E431C</generatorID>
<ownerDesignName>nowawersjabazydanych</ownerDesignName>
<useDomainConstraints>false</useDomainConstraints>
<use>1</use>
<logicalDatatype>LOGDT019</logicalDatatype>
<dataTypePrecision>2</dataTypePrecision>
<ownDataTypeParameters>,,</ownDataTypeParameters>
<previousColumn>false</previousColumn>
<autoIncrementCycle>false</autoIncrementCycle>
<associations>
<colAssociation fkAssociation="5B07305C-DF88-A00B-0510-200998EF889E" referredColumn="C551B7B1-1A74-A324-CAFE-EFA6DC47B7BF"/>
</associations>
</Column>
<Column name="CurrencyRateKey" id="B6A7F1C7-A73E-D844-57F0-902E68F2FE5C">
<createdBy>Ania</createdBy>
<createdTime>2023-12-19 11:16:20 UTC</createdTime>
<generatorID>4B7373E8-06A4-8589-87FA-7E35528880F1</generatorID>
<ownerDesignName>nowawersjabazydanych</ownerDesignName>
<useDomainConstraints>false</useDomainConstraints>
<use>1</use>
<logicalDatatype>LOGDT019</logicalDatatype>
<dataTypePrecision>10</dataTypePrecision>
<ownDataTypeParameters>,,</ownDataTypeParameters>
<previousColumn>false</previousColumn>
<autoIncrementCycle>false</autoIncrementCycle>
<associations>
<colAssociation fkAssociation="FBEAD63F-38D0-6D5F-1587-B586AD67394A" referredColumn="EAB6026A-0989-E721-4CDB-0C19AD7647D6"/>
</associations>
</Column>
<Column name="ChannelKey" id="29E8FC1D-E71E-E6E8-9AB7-310AA3D445DF">
<createdBy>Darek</createdBy>
<createdTime>2023-12-28 13:59:47 UTC</createdTime>
<generatorID>F95BEC54-8AD0-0A50-B43C-29EF3E1FE2CC</generatorID>
<ownerDesignName>nowawersjabazydanych</ownerDesignName>
<useDomainConstraints>false</useDomainConstraints>
<use>1</use>
<logicalDatatype>LOGDT019</logicalDatatype>
<dataTypePrecision>2</dataTypePrecision>
<ownDataTypeParameters>,,</ownDataTypeParameters>
<previousColumn>false</previousColumn>
<autoIncrementCycle>false</autoIncrementCycle>
<associations>
<colAssociation fkAssociation="07791379-1360-8540-02DA-336DBBBC21FC" referredColumn="0E1BC1AD-4523-6319-236E-7A475EF973CC"/>
</associations>
</Column>
</columns>
<indexes itemClass="oracle.dbtools.crest.model.design.relational.Index">
<ind_PK_UK id="0D01C34E-EDD9-5866-A68B-AC90C074D8A2" name="OrderHeader_PK">
<createdBy>Ania</createdBy>
<createdTime>2023-12-19 11:16:20 UTC</createdTime>
<generatorID>C4B3D04E-C8A5-9AA6-ED3C-F3EECF466342</generatorID>
<ownerDesignName>nowawersjabazydanych</ownerDesignName>
<pk>true</pk>
<indexState>Primary Constraint</indexState>
<isSurrogateKey>false</isSurrogateKey>
<indexColumnUsage>
<colUsage columnID="A6B1663B-D314-EB70-3BF3-87FF3B3876F2"/>
</indexColumnUsage>
</ind_PK_UK>
<ind_PK_UK id="F8209091-04F2-4282-B6F1-CD9D974B0947" name="OrderHeader__IDX">
<createdBy>Ania</createdBy>
<createdTime>2023-12-19 11:16:20 UTC</createdTime>
<ownerDesignName>nowawersjabazydanych</ownerDesignName>
<indexState>Unique Plain Index</indexState>
<isSurrogateKey>false</isSurrogateKey>
<relationGeneratorID>85F927E7-C5E8-30BB-0665-E7400D59A5BF</relationGeneratorID>
<indexColumnUsage>
<colUsage columnID="D33335E9-2EE4-8D7B-7DAF-6BCDE212097C"/>
</indexColumnUsage>
</ind_PK_UK>
<ind_PK_UK id="74ED4986-9032-1D7B-6FA0-DFBDCBBD1B52" name="OH_Cart_FK">
<createdBy>Ania</createdBy>
<createdTime>2023-12-19 11:16:20 UTC</createdTime>
<generatorID>85F927E7-C5E8-30BB-0665-E7400D59A5BF</generatorID>
<ownerDesignName>nowawersjabazydanych</ownerDesignName>
<indexState>Foreign Key</indexState>
<isSurrogateKey>false</isSurrogateKey>
<indexColumnUsage>
<colUsage columnID="D33335E9-2EE4-8D7B-7DAF-6BCDE212097C"/>
</indexColumnUsage>
</ind_PK_UK>
<ind_PK_UK id="59512871-C42D-5BD0-8DEA-A44087187973" name="OH_DelieveryMethod_FK">
<createdBy>Ania</createdBy>
<createdTime>2023-12-19 11:16:20 UTC</createdTime>
<generatorID>FF6FB6EC-BE18-F319-6826-FF92E36A4A44</generatorID>
<ownerDesignName>nowawersjabazydanych</ownerDesignName>
<indexState>Foreign Key</indexState>
<isSurrogateKey>false</isSurrogateKey>
<indexColumnUsage>
<colUsage columnID="18285CCF-F9DC-9811-80E4-BEA36E0973FB"/>
</indexColumnUsage>
</ind_PK_UK>
<ind_PK_UK id="69C93710-C1F1-13BD-2FBB-46F13C4CC836" name="OH_PaymentMethod_FK">
<createdBy>Ania</createdBy>
<createdTime>2023-12-19 11:16:21 UTC</createdTime>
<generatorID>7002EF1B-6D1E-944C-E52F-FC16F33462A5</generatorID>
<ownerDesignName>nowawersjabazydanych</ownerDesignName>
<indexState>Foreign Key</indexState>
<isSurrogateKey>false</isSurrogateKey>
<indexColumnUsage>
<colUsage columnID="092E4EA9-7ACD-B594-9900-2ABA06D24256"/>
</indexColumnUsage>
</ind_PK_UK>
<ind_PK_UK id="4BA28E28-2C1B-99C7-72C1-A231CC1003FF" name="OH_CurrencyRate_FK">
<createdBy>Ania</createdBy>
<createdTime>2023-12-19 11:16:21 UTC</createdTime>
<generatorID>248A2FDE-3564-4753-5C96-55B46C339A94</generatorID>
<ownerDesignName>nowawersjabazydanych</ownerDesignName>
<indexState>Foreign Key</indexState>
<isSurrogateKey>false</isSurrogateKey>
<indexColumnUsage>
<colUsage columnID="B6A7F1C7-A73E-D844-57F0-902E68F2FE5C"/>
</indexColumnUsage>
</ind_PK_UK>
<ind_PK_UK id="D1D9E3B5-9463-7BC0-2EE4-D5245EE6FFAA" name="OH_OrderChannel_FK">
<createdBy>Darek</createdBy>
<createdTime>2023-12-28 13:59:47 UTC</createdTime>
<generatorID>6EC3D25F-6211-F61A-7843-FBA357A59C5D</generatorID>
<ownerDesignName>nowawersjabazydanych</ownerDesignName>
<indexState>Foreign Key</indexState>
<isSurrogateKey>false</isSurrogateKey>
<indexColumnUsage>
<colUsage columnID="29E8FC1D-E71E-E6E8-9AB7-310AA3D445DF"/>
</indexColumnUsage>
</ind_PK_UK>
</indexes>
</Table>