<?xml version = '1.0' encoding = 'UTF-8'?>
<Table class="oracle.dbtools.crest.model.design.relational.Table" directorySegmentName="seg_0" id="3CB0CC5E-D1D5-9BE8-8044-CE3BBE47CEE4" name="CartContent">
<createdBy>Ania</createdBy>
<createdTime>2023-12-19 11:16:20 UTC</createdTime>
<generatorID>13953533-C780-30BF-D073-D11A5151DA23</generatorID>
<ownerDesignName>nowawersjabazydanych</ownerDesignName>
<allowColumnReorder>false</allowColumnReorder>
<existDependencyGenerateInDDl>true</existDependencyGenerateInDDl>
<parsed>true</parsed>
<columns itemClass="oracle.dbtools.crest.model.design.relational.Column">
<Column name="Cart_CartKey" id="FC6EE129-273C-A096-F925-B7EECD7C74E9">
<createdBy>Ania</createdBy>
<createdTime>2023-12-19 11:16:20 UTC</createdTime>
<generatorID>BECDEBBC-07B1-8FBE-36AD-7EDDC6A2D85D</generatorID>
<ownerDesignName>nowawersjabazydanych</ownerDesignName>
<useDomainConstraints>false</useDomainConstraints>
<use>1</use>
<logicalDatatype>LOGDT019</logicalDatatype>
<dataTypePrecision>10</dataTypePrecision>
<ownDataTypeParameters>,,</ownDataTypeParameters>
<previousColumn>false</previousColumn>
<autoIncrementCycle>false</autoIncrementCycle>
<associations>
<colAssociation fkAssociation="E314B762-4010-DBE2-8D97-562E86BABEC6" referredColumn="79401C01-C21C-39D2-C707-BDE4C0BD5F31"/>
</associations>
</Column>
<Column name="ProductKey" id="752ACFAA-4A35-DF78-54B6-2C611ADC3DF0">
<createdBy>Ania</createdBy>
<createdTime>2023-12-19 11:16:20 UTC</createdTime>
<generatorID>18B2A355-B070-6D03-D7EB-795AC2DC32C6</generatorID>
<ownerDesignName>nowawersjabazydanych</ownerDesignName>
<useDomainConstraints>false</useDomainConstraints>
<use>1</use>
<logicalDatatype>LOGDT019</logicalDatatype>
<dataTypePrecision>10</dataTypePrecision>
<ownDataTypeParameters>,10,</ownDataTypeParameters>
<autoIncrementCycle>false</autoIncrementCycle>
</Column>
<Column name="ProductCountity" id="C9A449D4-6276-F528-5E42-BF98FB72AE61">
<createdBy>Ania</createdBy>
<createdTime>2023-12-19 11:16:20 UTC</createdTime>
<generatorID>CD0A0D8E-CB86-9816-91D7-C7C3AD919206</generatorID>
<ownerDesignName>nowawersjabazydanych</ownerDesignName>
<useDomainConstraints>false</useDomainConstraints>
<use>1</use>
<logicalDatatype>LOGDT019</logicalDatatype>
<dataTypePrecision>3</dataTypePrecision>
<ownDataTypeParameters>,3,</ownDataTypeParameters>
<autoIncrementCycle>false</autoIncrementCycle>
</Column>
<Column name="ProductKey_2" id="A2997BF7-0BB8-7334-B8BC-A30C98FCC9B8">
<createdBy>Ania</createdBy>
<createdTime>2023-12-19 11:16:20 UTC</createdTime>
<generatorID>07417949-BADE-7092-3182-2BC7D2632CAB</generatorID>
<ownerDesignName>nowawersjabazydanych</ownerDesignName>
<useDomainConstraints>false</useDomainConstraints>
<use>1</use>
<logicalDatatype>LOGDT019</logicalDatatype>
<dataTypePrecision>10</dataTypePrecision>
<ownDataTypeParameters>,,</ownDataTypeParameters>
<previousColumn>false</previousColumn>
<autoIncrementCycle>false</autoIncrementCycle>
<associations>
<colAssociation fkAssociation="F799A13D-FEF5-EB67-3BAC-E7F313EB8198" referredColumn="FE5514A4-3C0B-8E9D-EFE2-0335065B9D5A"/>
</associations>
</Column>
</columns>
<indexes itemClass="oracle.dbtools.crest.model.design.relational.Index">
<ind_PK_UK id="CF529D94-B9EA-5F55-1400-293514E16C96" name="Cart_Content_PK">
<createdBy>Ania</createdBy>
<createdTime>2023-12-19 11:16:20 UTC</createdTime>
<generatorID>0158B70D-7FAB-239D-FFA3-64CD6361FAEB</generatorID>
<ownerDesignName>nowawersjabazydanych</ownerDesignName>
<pk>true</pk>
<indexState>Primary Constraint</indexState>
<isSurrogateKey>false</isSurrogateKey>
<indexColumnUsage>
<colUsage columnID="752ACFAA-4A35-DF78-54B6-2C611ADC3DF0"/>
</indexColumnUsage>
</ind_PK_UK>
<ind_PK_UK id="DD7E59DF-760C-0F79-5B62-7322B2116897" name="CartContent_Product_FK">
<createdBy>Ania</createdBy>
<createdTime>2023-12-19 11:16:20 UTC</createdTime>
<generatorID>8945388B-9186-4153-8184-5A72B3396970</generatorID>
<ownerDesignName>nowawersjabazydanych</ownerDesignName>
<indexState>Foreign Key</indexState>
<isSurrogateKey>false</isSurrogateKey>
<indexColumnUsage>
<colUsage columnID="A2997BF7-0BB8-7334-B8BC-A30C98FCC9B8"/>
</indexColumnUsage>
</ind_PK_UK>
<ind_PK_UK id="FBA925FD-9059-3FB0-6DF3-C2A2AFE8EBB2" name="CartContent_Cart_FK">
<createdBy>Ania</createdBy>
<createdTime>2023-12-19 11:16:21 UTC</createdTime>
<generatorID>ABD4233E-388D-C100-724A-E9D11C3B59D9</generatorID>
<ownerDesignName>nowawersjabazydanych</ownerDesignName>
<indexState>Foreign Key</indexState>
<isSurrogateKey>false</isSurrogateKey>
<indexColumnUsage>
<colUsage columnID="FC6EE129-273C-A096-F925-B7EECD7C74E9"/>
</indexColumnUsage>
</ind_PK_UK>
</indexes>
</Table>