<?xml version = '1.0' encoding = 'UTF-8'?>
<Table class="oracle.dbtools.crest.model.design.relational.Table" directorySegmentName="seg_0" id="4612FAD8-5A0E-DD28-F031-257AFC8C7CE0" name="User">
<createdBy>Ania</createdBy>
<createdTime>2023-12-19 11:16:20 UTC</createdTime>
<generatorID>C94E3EF4-4C08-DC5C-E6BD-34CEB46A6256</generatorID>
<ownerDesignName>nowawersjabazydanych</ownerDesignName>
<allowColumnReorder>false</allowColumnReorder>
<existDependencyGenerateInDDl>true</existDependencyGenerateInDDl>
<parsed>true</parsed>
<columns itemClass="oracle.dbtools.crest.model.design.relational.Column">
<Column name="UserKey" id="DFA2C8A7-B8FA-C7F2-0B8B-C44AB9DE7E74">
<createdBy>Ania</createdBy>
<createdTime>2023-12-19 11:16:20 UTC</createdTime>
<generatorID>062DF97C-3ACA-7C09-1734-B9FB3A994DD4</generatorID>
<ownerDesignName>nowawersjabazydanych</ownerDesignName>
<useDomainConstraints>false</useDomainConstraints>
<use>1</use>
<logicalDatatype>LOGDT019</logicalDatatype>
<dataTypePrecision>10</dataTypePrecision>
<ownDataTypeParameters>,10,</ownDataTypeParameters>
<autoIncrementCycle>false</autoIncrementCycle>
</Column>
<Column name="UserLogin" id="9F451DD8-6A1E-F7EB-8B33-14753B0D99B1">
<createdBy>Ania</createdBy>
<createdTime>2023-12-19 11:16:20 UTC</createdTime>
<generatorID>4F2D6553-8166-7280-EE47-BB9384A470C6</generatorID>
<ownerDesignName>nowawersjabazydanych</ownerDesignName>
<useDomainConstraints>false</useDomainConstraints>
<use>1</use>
<logicalDatatype>LOGDT024</logicalDatatype>
<dataTypeSize>16 CHAR</dataTypeSize>
<ownDataTypeParameters>16 CHAR,,</ownDataTypeParameters>
<autoIncrementCycle>false</autoIncrementCycle>
</Column>
<Column name="UserPassword" id="50DA5B60-45F3-883C-CE29-2FD70E2C7AE1">
<createdBy>Ania</createdBy>
<createdTime>2023-12-19 11:16:20 UTC</createdTime>
<generatorID>06457F64-5E01-0B8C-195C-3FFBA51FAE89</generatorID>
<ownerDesignName>nowawersjabazydanych</ownerDesignName>
<useDomainConstraints>false</useDomainConstraints>
<use>1</use>
<logicalDatatype>LOGDT024</logicalDatatype>
<dataTypeSize>30</dataTypeSize>
<ownDataTypeParameters>30,,</ownDataTypeParameters>
<autoIncrementCycle>false</autoIncrementCycle>
</Column>
<Column name="UserEmail" id="277F9D1A-8693-3ECC-0870-F74ACC5FFEA4">
<createdBy>Ania</createdBy>
<createdTime>2023-12-19 11:16:20 UTC</createdTime>
<generatorID>2BA25AA6-9429-AAFF-23E0-75FB74D22B34</generatorID>
<ownerDesignName>nowawersjabazydanych</ownerDesignName>
<useDomainConstraints>false</useDomainConstraints>
<use>1</use>
<logicalDatatype>LOGDT024</logicalDatatype>
<dataTypeSize>40</dataTypeSize>
<ownDataTypeParameters>40,,</ownDataTypeParameters>
<autoIncrementCycle>false</autoIncrementCycle>
</Column>
<Column name="Role_RoleKey" id="A279B362-24CE-C481-CCA9-BFFE29695481">
<createdBy>Ania</createdBy>
<createdTime>2023-12-19 11:16:20 UTC</createdTime>
<generatorID>918A30C0-2A60-55A3-49B9-38A34093D105</generatorID>
<ownerDesignName>nowawersjabazydanych</ownerDesignName>
<useDomainConstraints>false</useDomainConstraints>
<use>1</use>
<logicalDatatype>LOGDT019</logicalDatatype>
<dataTypePrecision>10</dataTypePrecision>
<ownDataTypeParameters>,,</ownDataTypeParameters>
<previousColumn>false</previousColumn>
<autoIncrementCycle>false</autoIncrementCycle>
<associations>
<colAssociation fkAssociation="54494049-2D6F-C92C-EFEA-F20807249AF7" referredColumn="AFB751F2-D135-7B2D-A476-99C46EFDEE8D"/>
</associations>
</Column>
</columns>
<indexes itemClass="oracle.dbtools.crest.model.design.relational.Index">
<ind_PK_UK id="8D5E54A2-DE44-6FD4-AEA5-92B05D740730" name="User_PK">
<createdBy>Ania</createdBy>
<createdTime>2023-12-19 11:16:20 UTC</createdTime>
<generatorID>42071EE2-C7F7-190A-6A0A-DA4F35ADF1A8</generatorID>
<ownerDesignName>nowawersjabazydanych</ownerDesignName>
<pk>true</pk>
<indexState>Primary Constraint</indexState>
<isSurrogateKey>false</isSurrogateKey>
<indexColumnUsage>
<colUsage columnID="DFA2C8A7-B8FA-C7F2-0B8B-C44AB9DE7E74"/>
</indexColumnUsage>
</ind_PK_UK>
<ind_PK_UK id="4E80C0A9-B1D3-DC5C-71E7-DD7867A3227A" name="User_UserEmail_UserLogin_UN">
<createdBy>Darek</createdBy>
<createdTime>2023-12-27 15:11:16 UTC</createdTime>
<generatorID>9CAE49FA-CE86-1462-1C09-8E2897300D77</generatorID>
<ownerDesignName>nowawersjabazydanych</ownerDesignName>
<indexState>Unique Constraint</indexState>
<isSurrogateKey>false</isSurrogateKey>
<indexColumnUsage>
<colUsage columnID="277F9D1A-8693-3ECC-0870-F74ACC5FFEA4"/>
<colUsage columnID="9F451DD8-6A1E-F7EB-8B33-14753B0D99B1"/>
</indexColumnUsage>
</ind_PK_UK>
<ind_PK_UK id="BFF51FB8-0BD7-3E71-7841-67ABB87BE9A0" name="User_Role_FK">
<createdBy>Ania</createdBy>
<createdTime>2023-12-19 11:16:21 UTC</createdTime>
<generatorID>5F7004DE-F37B-8F53-19C6-C829A0EF7195</generatorID>
<ownerDesignName>nowawersjabazydanych</ownerDesignName>
<indexState>Foreign Key</indexState>
<isSurrogateKey>false</isSurrogateKey>
<indexColumnUsage>
<colUsage columnID="A279B362-24CE-C481-CCA9-BFFE29695481"/>
</indexColumnUsage>
</ind_PK_UK>
</indexes>
</Table>