<?xml version = '1.0' encoding = 'UTF-8'?>
<Table class="oracle.dbtools.crest.model.design.relational.Table" directorySegmentName="seg_0" id="4B4A0D92-6611-A374-14FF-9C03052F570B" name="ComlpainDetails">
<createdBy>Ania</createdBy>
<createdTime>2023-12-19 11:16:20 UTC</createdTime>
<generatorID>13C7979B-3B16-8D84-6C66-317952EAF0BB</generatorID>
<ownerDesignName>nowawersjabazydanych</ownerDesignName>
<allowColumnReorder>false</allowColumnReorder>
<existDependencyGenerateInDDl>true</existDependencyGenerateInDDl>
<parsed>true</parsed>
<columns itemClass="oracle.dbtools.crest.model.design.relational.Column">
<Column name="ComplaintKey" id="ADE1B03D-3A4C-C4EC-DD17-6D727851D4EC">
<createdBy>Ania</createdBy>
<createdTime>2023-12-19 11:16:20 UTC</createdTime>
<generatorID>97F43411-38BE-CA54-6E14-E5FEE56B80F1</generatorID>
<ownerDesignName>nowawersjabazydanych</ownerDesignName>
<useDomainConstraints>false</useDomainConstraints>
<use>1</use>
<logicalDatatype>LOGDT019</logicalDatatype>
<dataTypePrecision>10</dataTypePrecision>
<ownDataTypeParameters>,,</ownDataTypeParameters>
<previousColumn>false</previousColumn>
<autoIncrementCycle>false</autoIncrementCycle>
<associations>
<colAssociation fkAssociation="C285CC98-DA7F-6891-BD60-8297AAAB3C30" referredColumn="01B75242-385F-FA4A-C88A-3DEBE2A003E6"/>
</associations>
</Column>
<Column name="ComplainedQuantity" id="DDC0E237-D7A9-0F05-851E-BC2D2F1D4C05">
<createdBy>Ania</createdBy>
<createdTime>2023-12-19 11:16:20 UTC</createdTime>
<generatorID>9460CB4F-3215-6B47-7B20-AC3C3D788069</generatorID>
<ownerDesignName>nowawersjabazydanych</ownerDesignName>
<useDomainConstraints>false</useDomainConstraints>
<use>1</use>
<logicalDatatype>LOGDT019</logicalDatatype>
<dataTypePrecision>6</dataTypePrecision>
<ownDataTypeParameters>,6,</ownDataTypeParameters>
<autoIncrementCycle>false</autoIncrementCycle>
</Column>
<Column name="Ordered_Products_ID" id="DE72A422-28A8-0AD5-16FD-E0784AF10A97">
<createdBy>Ania</createdBy>
<createdTime>2023-12-19 11:16:21 UTC</createdTime>
<ownerDesignName>nowawersjabazydanych</ownerDesignName>
<useDomainConstraints>false</useDomainConstraints>
<use>1</use>
<logicalDatatype>LOGDT019</logicalDatatype>
<dataTypePrecision>10</dataTypePrecision>
<ownDataTypeParameters>,,</ownDataTypeParameters>
<previousColumn>false</previousColumn>
<autoIncrementCycle>false</autoIncrementCycle>
<associations>
<colAssociation fkAssociation="328DC7A2-498F-335F-D116-B68DF2664EE8" referredColumn="03D04377-CF40-E31B-8D59-A26ACE43E4BF"/>
</associations>
</Column>
</columns>
<indexes itemClass="oracle.dbtools.crest.model.design.relational.Index">
<ind_PK_UK id="B57EFE1D-1BF7-8482-3545-FF6A7E8A009F" name="ComlpainDetails_PK">
<createdBy>Ania</createdBy>
<createdTime>2023-12-19 11:16:20 UTC</createdTime>
<generatorID>F5D47049-E3CE-4FCE-16AE-464F3E5CB9E3</generatorID>
<ownerDesignName>nowawersjabazydanych</ownerDesignName>
<pk>true</pk>
<indexState>Primary Constraint</indexState>
<isSurrogateKey>false</isSurrogateKey>
<indexColumnUsage>
<colUsage columnID="ADE1B03D-3A4C-C4EC-DD17-6D727851D4EC"/>
</indexColumnUsage>
</ind_PK_UK>
<ind_PK_UK id="B275D62D-6F88-D6F1-93E9-E2174D41A55F" name="ComlpainDetails__IDX">
<createdBy>Ania</createdBy>
<createdTime>2023-12-19 11:16:21 UTC</createdTime>
<ownerDesignName>nowawersjabazydanych</ownerDesignName>
<indexState>Unique Plain Index</indexState>
<isSurrogateKey>false</isSurrogateKey>
<relationGeneratorID>D789C54F-5F76-F031-C2B8-892F4191ADC8</relationGeneratorID>
<indexColumnUsage>
<colUsage columnID="DE72A422-28A8-0AD5-16FD-E0784AF10A97"/>
</indexColumnUsage>
</ind_PK_UK>
<ind_PK_UK id="BF76A776-7091-57D6-FD9A-689AE2481F5C" name="CD_Complaint_FK">
<createdBy>Ania</createdBy>
<createdTime>2023-12-19 11:16:21 UTC</createdTime>
<generatorID>73199569-50CF-60F7-D795-4ABEAA2A43C8</generatorID>
<ownerDesignName>nowawersjabazydanych</ownerDesignName>
<indexState>Foreign Key</indexState>
<isSurrogateKey>false</isSurrogateKey>
<indexColumnUsage>
<colUsage columnID="ADE1B03D-3A4C-C4EC-DD17-6D727851D4EC"/>
</indexColumnUsage>
</ind_PK_UK>
<ind_PK_UK id="F2328069-935E-5867-ED43-8B5EEFB46DF4" name="CD_OrderedProducts_FK">
<createdBy>Ania</createdBy>
<createdTime>2023-12-19 11:16:21 UTC</createdTime>
<generatorID>D789C54F-5F76-F031-C2B8-892F4191ADC8</generatorID>
<ownerDesignName>nowawersjabazydanych</ownerDesignName>
<indexState>Foreign Key</indexState>
<isSurrogateKey>false</isSurrogateKey>
<indexColumnUsage>
<colUsage columnID="DE72A422-28A8-0AD5-16FD-E0784AF10A97"/>
</indexColumnUsage>
</ind_PK_UK>
</indexes>
</Table>