<?xml version = '1.0' encoding = 'UTF-8'?>
<Table class="oracle.dbtools.crest.model.design.relational.Table" directorySegmentName="seg_0" id="4FCAABFE-5AC6-33A4-EAE7-E7DF349B4991" name="Relation_59">
<createdBy>Ania</createdBy>
<createdTime>2023-12-19 11:16:21 UTC</createdTime>
<ownerDesignName>nowawersjabazydanych</ownerDesignName>
<allowColumnReorder>false</allowColumnReorder>
<existDependencyGenerateInDDl>true</existDependencyGenerateInDDl>
<parsed>true</parsed>
<columns itemClass="oracle.dbtools.crest.model.design.relational.Column">
<Column name="PromoKey" id="0F98FCAA-95EC-9057-AF45-6C62BFE0A761">
<createdBy>Ania</createdBy>
<createdTime>2023-12-19 11:16:21 UTC</createdTime>
<ownerDesignName>nowawersjabazydanych</ownerDesignName>
<useDomainConstraints>false</useDomainConstraints>
<use>1</use>
<logicalDatatype>LOGDT019</logicalDatatype>
<dataTypePrecision>10</dataTypePrecision>
<ownDataTypeParameters>,,</ownDataTypeParameters>
<previousColumn>false</previousColumn>
<autoIncrementCycle>false</autoIncrementCycle>
<associations>
<colAssociation fkAssociation="F078E5C0-B258-41A2-3A43-5FD1F132A4DE" referredColumn="8EE4189A-E9ED-3B36-1229-BC4F33A138DF"/>
</associations>
</Column>
<Column name="ProductModelKey" id="4D847DE9-E588-B111-9EBE-EE5F11C53B06">
<createdBy>Ania</createdBy>
<createdTime>2023-12-19 11:16:21 UTC</createdTime>
<ownerDesignName>nowawersjabazydanych</ownerDesignName>
<useDomainConstraints>false</useDomainConstraints>
<use>1</use>
<logicalDatatype>LOGDT019</logicalDatatype>
<dataTypePrecision>10</dataTypePrecision>
<ownDataTypeParameters>,,</ownDataTypeParameters>
<previousColumn>false</previousColumn>
<autoIncrementCycle>false</autoIncrementCycle>
<associations>
<colAssociation fkAssociation="CC79166C-CE04-C4D2-DF30-71314ED90CFB" referredColumn="53F9B97B-E756-170F-52CF-DCE50125BCF8"/>
</associations>
</Column>
</columns>
<indexes itemClass="oracle.dbtools.crest.model.design.relational.Index">
<ind_PK_UK id="DE90354B-58A9-B592-B0B8-D658F02AA6BD" name="Relation_59_PK">
<createdBy>Ania</createdBy>
<createdTime>2023-12-19 11:16:21 UTC</createdTime>
<ownerDesignName>nowawersjabazydanych</ownerDesignName>
<pk>true</pk>
<indexState>Primary Constraint</indexState>
<isSurrogateKey>false</isSurrogateKey>
<indexColumnUsage>
<colUsage columnID="0F98FCAA-95EC-9057-AF45-6C62BFE0A761"/>
<colUsage columnID="4D847DE9-E588-B111-9EBE-EE5F11C53B06"/>
</indexColumnUsage>
</ind_PK_UK>
<ind_PK_UK id="1DD41E23-B1D6-4E33-3DB9-443251F26680" name="Promotion_FK">
<createdBy>Ania</createdBy>
<createdTime>2023-12-19 11:16:21 UTC</createdTime>
<generatorID>8AF93C8D-10B8-4821-89B9-F1ED65FCA03A</generatorID>
<ownerDesignName>nowawersjabazydanych</ownerDesignName>
<indexState>Foreign Key</indexState>
<isSurrogateKey>false</isSurrogateKey>
<indexColumnUsage>
<colUsage columnID="0F98FCAA-95EC-9057-AF45-6C62BFE0A761"/>
</indexColumnUsage>
</ind_PK_UK>
<ind_PK_UK id="A12A4195-5091-AAF1-168A-818788C57AB4" name="ProductModel_FKv2">
<createdBy>Ania</createdBy>
<createdTime>2023-12-19 11:16:21 UTC</createdTime>
<generatorID>8AF93C8D-10B8-4821-89B9-F1ED65FCA03A</generatorID>
<ownerDesignName>nowawersjabazydanych</ownerDesignName>
<indexState>Foreign Key</indexState>
<isSurrogateKey>false</isSurrogateKey>
<indexColumnUsage>
<colUsage columnID="4D847DE9-E588-B111-9EBE-EE5F11C53B06"/>
</indexColumnUsage>
</ind_PK_UK>
</indexes>
</Table>