<?xml version = '1.0' encoding = 'UTF-8'?>
<Table class="oracle.dbtools.crest.model.design.relational.Table" directorySegmentName="seg_0" id="574C1DFD-CCEA-5AE2-F4CD-41E3B7609AB2" name="SalesTerritory">
<createdBy>Ania</createdBy>
<createdTime>2023-12-19 11:16:20 UTC</createdTime>
<generatorID>51E5D92A-23A0-823D-8161-F4D3050F52EB</generatorID>
<ownerDesignName>nowawersjabazydanych</ownerDesignName>
<allowColumnReorder>false</allowColumnReorder>
<existDependencyGenerateInDDl>true</existDependencyGenerateInDDl>
<parsed>true</parsed>
<columns itemClass="oracle.dbtools.crest.model.design.relational.Column">
<Column name="SalesTerrytoryKey" id="9C2866A5-9712-FBD3-18E1-16A00BE46A2D">
<createdBy>Ania</createdBy>
<createdTime>2023-12-19 11:16:20 UTC</createdTime>
<generatorID>1B8B8612-29ED-0BC6-0437-401B540A53A1</generatorID>
<ownerDesignName>nowawersjabazydanych</ownerDesignName>
<useDomainConstraints>false</useDomainConstraints>
<use>1</use>
<logicalDatatype>LOGDT019</logicalDatatype>
<dataTypePrecision>5</dataTypePrecision>
<ownDataTypeParameters>,5,</ownDataTypeParameters>
<autoIncrementCycle>false</autoIncrementCycle>
</Column>
<Column name="SalesTerrytoryName" id="8033AC30-A147-5EAF-7C4F-D487D2554A7F">
<createdBy>Ania</createdBy>
<createdTime>2023-12-19 11:16:20 UTC</createdTime>
<generatorID>09DF470F-E36A-B59B-DF02-F8AD5D83ADAC</generatorID>
<ownerDesignName>nowawersjabazydanych</ownerDesignName>
<useDomainConstraints>false</useDomainConstraints>
<use>1</use>
<logicalDatatype>LOGDT024</logicalDatatype>
<dataTypeSize>40</dataTypeSize>
<ownDataTypeParameters>40,,</ownDataTypeParameters>
<autoIncrementCycle>false</autoIncrementCycle>
</Column>
</columns>
<indexes itemClass="oracle.dbtools.crest.model.design.relational.Index">
<ind_PK_UK id="CE17F6FE-F52F-302C-0EB5-E3DFF526C4FB" name="SalesTerritory_PK">
<createdBy>Ania</createdBy>
<createdTime>2023-12-19 11:16:20 UTC</createdTime>
<generatorID>BBEF513F-722F-D2E1-CA5A-B81B9E07A129</generatorID>
<ownerDesignName>nowawersjabazydanych</ownerDesignName>
<pk>true</pk>
<indexState>Primary Constraint</indexState>
<isSurrogateKey>false</isSurrogateKey>
<indexColumnUsage>
<colUsage columnID="9C2866A5-9712-FBD3-18E1-16A00BE46A2D"/>
</indexColumnUsage>
</ind_PK_UK>
<ind_PK_UK id="4FEDCBD5-8490-D478-803D-659AF420F51C" name="SalesTerrytoryName_UN">
<createdBy>Ania</createdBy>
<createdTime>2023-12-19 11:16:20 UTC</createdTime>
<generatorID>09CDF625-071A-15F8-FB3D-13BEB107B777</generatorID>
<ownerDesignName>nowawersjabazydanych</ownerDesignName>
<indexState>Unique Constraint</indexState>
<isSurrogateKey>false</isSurrogateKey>
<indexColumnUsage>
<colUsage columnID="8033AC30-A147-5EAF-7C4F-D487D2554A7F"/>
</indexColumnUsage>
</ind_PK_UK>
</indexes>
</Table>