<?xml version = '1.0' encoding = 'UTF-8'?>
<Table class="oracle.dbtools.crest.model.design.relational.Table" directorySegmentName="seg_0" id="639CC330-A5AC-1D7F-7CC0-A7F705668851" name="Complaint">
<createdBy>Ania</createdBy>
<createdTime>2023-12-19 11:16:20 UTC</createdTime>
<generatorID>796B1722-7D44-79E6-4DD4-81338C5E4676</generatorID>
<ownerDesignName>nowawersjabazydanych</ownerDesignName>
<allowColumnReorder>false</allowColumnReorder>
<existDependencyGenerateInDDl>true</existDependencyGenerateInDDl>
<parsed>true</parsed>
<columns itemClass="oracle.dbtools.crest.model.design.relational.Column">
<Column name="ComplaintKey" id="01B75242-385F-FA4A-C88A-3DEBE2A003E6">
<createdBy>Ania</createdBy>
<createdTime>2023-12-19 11:16:20 UTC</createdTime>
<generatorID>386D5DFE-5FF9-0E39-CECA-CE27B81259CE</generatorID>
<ownerDesignName>nowawersjabazydanych</ownerDesignName>
<useDomainConstraints>false</useDomainConstraints>
<use>1</use>
<logicalDatatype>LOGDT019</logicalDatatype>
<dataTypePrecision>10</dataTypePrecision>
<ownDataTypeParameters>,10,</ownDataTypeParameters>
<autoIncrementCycle>false</autoIncrementCycle>
</Column>
<Column name="OrderID" id="EDAE4A4B-0BED-080B-B6EB-FCA9F46E7824">
<createdBy>Ania</createdBy>
<createdTime>2023-12-19 11:16:20 UTC</createdTime>
<generatorID>D4D14C3F-8FB0-10FC-04E7-8F40477362EC</generatorID>
<ownerDesignName>nowawersjabazydanych</ownerDesignName>
<useDomainConstraints>false</useDomainConstraints>
<use>1</use>
<logicalDatatype>LOGDT019</logicalDatatype>
<dataTypePrecision>10</dataTypePrecision>
<ownDataTypeParameters>,10,</ownDataTypeParameters>
<autoIncrementCycle>false</autoIncrementCycle>
</Column>
<Column name="ComplaintStartDate" id="D7CFB077-88CC-853B-710D-8E64B2F72025">
<createdBy>Ania</createdBy>
<createdTime>2023-12-19 11:16:20 UTC</createdTime>
<generatorID>09F0B54B-B5BA-3066-47C0-914D5A9EFA44</generatorID>
<ownerDesignName>nowawersjabazydanych</ownerDesignName>
<useDomainConstraints>false</useDomainConstraints>
<use>1</use>
<logicalDatatype>LOGDT007</logicalDatatype>
<ownDataTypeParameters>,,</ownDataTypeParameters>
<autoIncrementCycle>false</autoIncrementCycle>
</Column>
<Column name="ComplaintStatusKey" id="C378F507-E88D-B008-21C0-7E2F8B26703E">
<createdBy>Ania</createdBy>
<createdTime>2023-12-19 11:16:20 UTC</createdTime>
<generatorID>CE7E3476-7804-A7C8-BDCF-7C6ADAF0905C</generatorID>
<ownerDesignName>nowawersjabazydanych</ownerDesignName>
<useDomainConstraints>false</useDomainConstraints>
<use>1</use>
<logicalDatatype>LOGDT019</logicalDatatype>
<dataTypePrecision>2</dataTypePrecision>
<ownDataTypeParameters>,,</ownDataTypeParameters>
<previousColumn>false</previousColumn>
<autoIncrementCycle>false</autoIncrementCycle>
<associations>
<colAssociation fkAssociation="1633E774-5D91-1434-F1D0-FFA16024B683" referredColumn="FAFF80AA-29D5-2B50-D31B-C2D71C81595E"/>
</associations>
</Column>
<Column name="CompaintName" id="10ACB828-3A97-2425-640F-BCBECDEFE38D">
<createdBy>Darek</createdBy>
<createdTime>2023-12-27 15:11:16 UTC</createdTime>
<generatorID>F3B5EB7F-6EF6-54B7-C8E5-85F4F3362DE2</generatorID>
<ownerDesignName>nowawersjabazydanych</ownerDesignName>
<useDomainConstraints>false</useDomainConstraints>
<use>1</use>
<logicalDatatype>LOGDT024</logicalDatatype>
<dataTypeSize>40</dataTypeSize>
<ownDataTypeParameters>40,,</ownDataTypeParameters>
<autoIncrementCycle>false</autoIncrementCycle>
</Column>
</columns>
<indexes itemClass="oracle.dbtools.crest.model.design.relational.Index">
<ind_PK_UK id="61AA0171-B8F3-EA24-1337-5446062AFC58" name="Complaint_PK">
<createdBy>Ania</createdBy>
<createdTime>2023-12-19 11:16:20 UTC</createdTime>
<generatorID>436F9B1F-AA33-BBD1-6804-7ADF3E54E51D</generatorID>
<ownerDesignName>nowawersjabazydanych</ownerDesignName>
<pk>true</pk>
<indexState>Primary Constraint</indexState>
<isSurrogateKey>false</isSurrogateKey>
<indexColumnUsage>
<colUsage columnID="01B75242-385F-FA4A-C88A-3DEBE2A003E6"/>
</indexColumnUsage>
</ind_PK_UK>
<ind_PK_UK id="59BBE578-6A85-B0D3-644D-8B60642EF342" name="C_ComplaintStatus_FK">
<createdBy>Ania</createdBy>
<createdTime>2023-12-19 11:16:21 UTC</createdTime>
<generatorID>BDBC2FA3-671F-2861-ED9A-E9A50DF07DFA</generatorID>
<ownerDesignName>nowawersjabazydanych</ownerDesignName>
<indexState>Foreign Key</indexState>
<isSurrogateKey>false</isSurrogateKey>
<indexColumnUsage>
<colUsage columnID="C378F507-E88D-B008-21C0-7E2F8B26703E"/>
</indexColumnUsage>
</ind_PK_UK>
</indexes>
</Table>