<?xml version = '1.0' encoding = 'UTF-8'?>
<Table class="oracle.dbtools.crest.model.design.relational.Table" directorySegmentName="seg_0" id="761BB45D-18E0-5A76-338B-7EE96710E97A" name="Country">
<createdBy>Ania</createdBy>
<createdTime>2023-12-19 11:16:20 UTC</createdTime>
<generatorID>0FE4271E-5439-687A-4EAF-DA891D64A1F3</generatorID>
<ownerDesignName>nowawersjabazydanych</ownerDesignName>
<allowColumnReorder>false</allowColumnReorder>
<existDependencyGenerateInDDl>true</existDependencyGenerateInDDl>
<parsed>true</parsed>
<columns itemClass="oracle.dbtools.crest.model.design.relational.Column">
<Column name="CountryKey" id="08A84039-FDF8-ACCE-0090-442DF33E3EDB">
<createdBy>Ania</createdBy>
<createdTime>2023-12-19 11:16:20 UTC</createdTime>
<generatorID>92209E2A-5680-01CC-B96D-882CF75713AD</generatorID>
<ownerDesignName>nowawersjabazydanych</ownerDesignName>
<useDomainConstraints>false</useDomainConstraints>
<use>1</use>
<logicalDatatype>LOGDT019</logicalDatatype>
<dataTypePrecision>2</dataTypePrecision>
<ownDataTypeParameters>,2,</ownDataTypeParameters>
<autoIncrementCycle>false</autoIncrementCycle>
</Column>
<Column name="CountryName" id="DDA66FA8-E68A-862D-1C53-82E3A97171EE">
<createdBy>Ania</createdBy>
<createdTime>2023-12-19 11:16:20 UTC</createdTime>
<generatorID>52898712-7ABB-A193-3281-EF615B1B8B0A</generatorID>
<ownerDesignName>nowawersjabazydanych</ownerDesignName>
<useDomainConstraints>false</useDomainConstraints>
<use>1</use>
<logicalDatatype>LOGDT024</logicalDatatype>
<dataTypeSize>50</dataTypeSize>
<ownDataTypeParameters>50,,</ownDataTypeParameters>
<autoIncrementCycle>false</autoIncrementCycle>
</Column>
<Column name="CountryCode" id="73E7333D-C2A2-83A6-2DF6-856390E6D20E">
<createdBy>Ania</createdBy>
<createdTime>2023-12-19 11:16:20 UTC</createdTime>
<generatorID>FB68B1DF-A442-8BF3-A90A-9F3DBC5D0268</generatorID>
<ownerDesignName>nowawersjabazydanych</ownerDesignName>
<useDomainConstraints>false</useDomainConstraints>
<use>1</use>
<logicalDatatype>LOGDT025</logicalDatatype>
<dataTypeSize>2</dataTypeSize>
<ownDataTypeParameters>2,,</ownDataTypeParameters>
<autoIncrementCycle>false</autoIncrementCycle>
</Column>
<Column name="CountryTax" id="4A0849AC-22D7-CC9C-B96D-F34EA41B5FB3">
<createdBy>Ania</createdBy>
<createdTime>2023-12-19 11:16:20 UTC</createdTime>
<generatorID>C39CCEF0-FBDA-8C18-5A7E-D37325B4AC09</generatorID>
<ownerDesignName>nowawersjabazydanych</ownerDesignName>
<useDomainConstraints>false</useDomainConstraints>
<use>1</use>
<logicalDatatype>LOGDT020</logicalDatatype>
<dataTypePrecision>2</dataTypePrecision>
<ownDataTypeParameters>,2,</ownDataTypeParameters>
<autoIncrementCycle>false</autoIncrementCycle>
</Column>
<Column name="SalesTerrytoryKey" id="0F9F43BC-CACB-25EE-F311-9DA4813F28DF">
<createdBy>Ania</createdBy>
<createdTime>2023-12-19 11:16:20 UTC</createdTime>
<generatorID>17E747A9-16A0-1FEF-E384-8A79F19828B3</generatorID>
<ownerDesignName>nowawersjabazydanych</ownerDesignName>
<useDomainConstraints>false</useDomainConstraints>
<use>1</use>
<logicalDatatype>LOGDT019</logicalDatatype>
<dataTypePrecision>5</dataTypePrecision>
<ownDataTypeParameters>,,</ownDataTypeParameters>
<previousColumn>false</previousColumn>
<autoIncrementCycle>false</autoIncrementCycle>
<associations>
<colAssociation fkAssociation="B40F83D6-5607-5134-570E-5F48141DBBE1" referredColumn="9C2866A5-9712-FBD3-18E1-16A00BE46A2D"/>
</associations>
</Column>
</columns>
<indexes itemClass="oracle.dbtools.crest.model.design.relational.Index">
<ind_PK_UK id="AF6DFFD0-1149-A88C-1BE4-D430C855F534" name="Country_PK">
<createdBy>Ania</createdBy>
<createdTime>2023-12-19 11:16:20 UTC</createdTime>
<generatorID>CBC663C7-8C70-768B-3B99-7679A41FA3A5</generatorID>
<ownerDesignName>nowawersjabazydanych</ownerDesignName>
<pk>true</pk>
<indexState>Primary Constraint</indexState>
<isSurrogateKey>false</isSurrogateKey>
<indexColumnUsage>
<colUsage columnID="08A84039-FDF8-ACCE-0090-442DF33E3EDB"/>
</indexColumnUsage>
</ind_PK_UK>
<ind_PK_UK id="5E8B41F6-6CC4-C07F-E195-F79C7AEC8E9B" name="CountryName_UN">
<createdBy>Ania</createdBy>
<createdTime>2023-12-19 11:16:20 UTC</createdTime>
<generatorID>630038C0-EA73-F992-9309-9653F5058A07</generatorID>
<ownerDesignName>nowawersjabazydanych</ownerDesignName>
<indexState>Unique Constraint</indexState>
<isSurrogateKey>false</isSurrogateKey>
<indexColumnUsage>
<colUsage columnID="DDA66FA8-E68A-862D-1C53-82E3A97171EE"/>
</indexColumnUsage>
</ind_PK_UK>
<ind_PK_UK id="BD3E98BB-5044-0F42-BABD-C84364261A10" name="CountryCode_UN">
<createdBy>Ania</createdBy>
<createdTime>2023-12-19 11:16:20 UTC</createdTime>
<generatorID>903D953E-CDCD-D1FD-7EDC-0273177960DB</generatorID>
<ownerDesignName>nowawersjabazydanych</ownerDesignName>
<indexState>Unique Constraint</indexState>
<isSurrogateKey>false</isSurrogateKey>
<indexColumnUsage>
<colUsage columnID="73E7333D-C2A2-83A6-2DF6-856390E6D20E"/>
</indexColumnUsage>
</ind_PK_UK>
<ind_PK_UK id="C1FF0D10-BA93-CA77-F47A-FA1C75A6F19D" name="Country_SalesTerritory_FK">
<createdBy>Ania</createdBy>
<createdTime>2023-12-19 11:16:21 UTC</createdTime>
<generatorID>FD966A8B-3697-5571-FCD3-FED538CF4008</generatorID>
<ownerDesignName>nowawersjabazydanych</ownerDesignName>
<indexState>Foreign Key</indexState>
<isSurrogateKey>false</isSurrogateKey>
<indexColumnUsage>
<colUsage columnID="0F9F43BC-CACB-25EE-F311-9DA4813F28DF"/>
</indexColumnUsage>
</ind_PK_UK>
</indexes>
</Table>