<?xml version = '1.0' encoding = 'UTF-8'?>
<Table class="oracle.dbtools.crest.model.design.relational.Table" directorySegmentName="seg_0" id="78323669-56F0-D2C6-118D-6A5D69F1F2F3" name="OrderChannel">
<createdBy>Darek</createdBy>
<createdTime>2023-12-28 13:59:47 UTC</createdTime>
<generatorID>06B9B7C6-032B-7A5A-8A95-B7F44E3CF9F4</generatorID>
<ownerDesignName>nowawersjabazydanych</ownerDesignName>
<allowColumnReorder>false</allowColumnReorder>
<existDependencyGenerateInDDl>true</existDependencyGenerateInDDl>
<parsed>true</parsed>
<columns itemClass="oracle.dbtools.crest.model.design.relational.Column">
<Column name="ChannelKey" id="0E1BC1AD-4523-6319-236E-7A475EF973CC">
<createdBy>Darek</createdBy>
<createdTime>2023-12-28 13:59:47 UTC</createdTime>
<generatorID>1FEB2C59-FFCC-2082-D3E7-36D3A2969C2B</generatorID>
<ownerDesignName>nowawersjabazydanych</ownerDesignName>
<useDomainConstraints>false</useDomainConstraints>
<use>1</use>
<logicalDatatype>LOGDT019</logicalDatatype>
<dataTypePrecision>2</dataTypePrecision>
<ownDataTypeParameters>,2,</ownDataTypeParameters>
<autoIncrementCycle>false</autoIncrementCycle>
</Column>
<Column name="ChannelName" id="88E75154-3AC0-EFDA-4707-011B1A1EF02A">
<createdBy>Darek</createdBy>
<createdTime>2023-12-28 13:59:47 UTC</createdTime>
<generatorID>FBB7D287-D214-2595-4357-D2A90867A22B</generatorID>
<ownerDesignName>nowawersjabazydanych</ownerDesignName>
<useDomainConstraints>false</useDomainConstraints>
<use>1</use>
<logicalDatatype>LOGDT024</logicalDatatype>
<dataTypeSize>40</dataTypeSize>
<ownDataTypeParameters>40,,</ownDataTypeParameters>
<autoIncrementCycle>false</autoIncrementCycle>
</Column>
</columns>
<indexes itemClass="oracle.dbtools.crest.model.design.relational.Index">
<ind_PK_UK id="BD510F0E-6822-43C3-1E54-A6B9580B582C" name="OrderChannel_PK">
<createdBy>Darek</createdBy>
<createdTime>2023-12-28 13:59:47 UTC</createdTime>
<generatorID>E4CF17C2-FE00-C1B4-623E-0410C07175A1</generatorID>
<ownerDesignName>nowawersjabazydanych</ownerDesignName>
<pk>true</pk>
<indexState>Primary Constraint</indexState>
<isSurrogateKey>false</isSurrogateKey>
<indexColumnUsage>
<colUsage columnID="0E1BC1AD-4523-6319-236E-7A475EF973CC"/>
</indexColumnUsage>
</ind_PK_UK>
<ind_PK_UK id="C20F2E50-1D21-74DD-1BC1-9E7453E0229D" name="ChannelName_UN">
<createdBy>Darek</createdBy>
<createdTime>2023-12-28 13:59:47 UTC</createdTime>
<generatorID>043C1001-ECF9-0D12-3C51-9A58586DDCD3</generatorID>
<ownerDesignName>nowawersjabazydanych</ownerDesignName>
<indexState>Unique Constraint</indexState>
<isSurrogateKey>false</isSurrogateKey>
<indexColumnUsage>
<colUsage columnID="88E75154-3AC0-EFDA-4707-011B1A1EF02A"/>
</indexColumnUsage>
</ind_PK_UK>
</indexes>
</Table>