<?xml version = '1.0' encoding = 'UTF-8'?>
<Table class="oracle.dbtools.crest.model.design.relational.Table" directorySegmentName="seg_0" id="8AA8B9C1-AF6A-3170-1531-CCA63CCB2893" name="ProductWarranty">
<createdBy>Ania</createdBy>
<createdTime>2023-12-19 11:16:20 UTC</createdTime>
<generatorID>35CA683A-9A6F-295F-6B29-9073D7AA3710</generatorID>
<ownerDesignName>nowawersjabazydanych</ownerDesignName>
<allowColumnReorder>false</allowColumnReorder>
<existDependencyGenerateInDDl>true</existDependencyGenerateInDDl>
<parsed>true</parsed>
<columns itemClass="oracle.dbtools.crest.model.design.relational.Column">
<Column name="WarrantyKey" id="38670E9F-803F-1F54-F020-EE54990F1303">
<createdBy>Ania</createdBy>
<createdTime>2023-12-19 11:16:20 UTC</createdTime>
<generatorID>981084AB-8B7F-DDE2-6BBF-A80C4039C018</generatorID>
<ownerDesignName>nowawersjabazydanych</ownerDesignName>
<useDomainConstraints>false</useDomainConstraints>
<use>1</use>
<logicalDatatype>LOGDT019</logicalDatatype>
<dataTypePrecision>10</dataTypePrecision>
<ownDataTypeParameters>,10,</ownDataTypeParameters>
<autoIncrementCycle>false</autoIncrementCycle>
</Column>
<Column name="WarrantyName" id="62F514AE-D938-1526-20FE-26507EB3CF83">
<createdBy>Ania</createdBy>
<createdTime>2023-12-19 11:16:20 UTC</createdTime>
<generatorID>FAC26B39-BE59-C467-A56B-0358717BE10A</generatorID>
<ownerDesignName>nowawersjabazydanych</ownerDesignName>
<useDomainConstraints>false</useDomainConstraints>
<use>1</use>
<logicalDatatype>LOGDT024</logicalDatatype>
<dataTypeSize>40</dataTypeSize>
<ownDataTypeParameters>40,,</ownDataTypeParameters>
<autoIncrementCycle>false</autoIncrementCycle>
</Column>
<Column name="WarrantyPeriod" id="7BD89CB5-E6B7-C52E-72E7-0F6B185F5746">
<createdBy>Ania</createdBy>
<createdTime>2023-12-19 11:16:20 UTC</createdTime>
<generatorID>B3AF00ED-6BF4-D3F3-74A8-7D7B633148D6</generatorID>
<ownerDesignName>nowawersjabazydanych</ownerDesignName>
<useDomainConstraints>false</useDomainConstraints>
<use>1</use>
<logicalDatatype>LOGDT019</logicalDatatype>
<dataTypePrecision>5</dataTypePrecision>
<ownDataTypeParameters>,5,</ownDataTypeParameters>
<autoIncrementCycle>false</autoIncrementCycle>
</Column>
<Column name="OrderedProductsKey" id="163E07CC-7DA7-35AF-85F2-FDA692D6B2A1">
<createdBy>Ania</createdBy>
<createdTime>2023-12-19 11:16:21 UTC</createdTime>
<ownerDesignName>nowawersjabazydanych</ownerDesignName>
<useDomainConstraints>false</useDomainConstraints>
<use>1</use>
<logicalDatatype>LOGDT019</logicalDatatype>
<dataTypePrecision>10</dataTypePrecision>
<ownDataTypeParameters>,10,</ownDataTypeParameters>
<previousColumn>false</previousColumn>
<autoIncrementCycle>false</autoIncrementCycle>
</Column>
<Column name="Ordered_Products_ID" id="727369EB-A3B0-B884-1A94-0713E406AD8D">
<createdBy>Darek</createdBy>
<createdTime>2023-12-28 16:48:54 UTC</createdTime>
<ownerDesignName>nowawersjabazydanych</ownerDesignName>
<useDomainConstraints>false</useDomainConstraints>
<use>1</use>
<logicalDatatype>LOGDT019</logicalDatatype>
<dataTypePrecision>10</dataTypePrecision>
<ownDataTypeParameters>,,</ownDataTypeParameters>
<previousColumn>false</previousColumn>
<autoIncrementCycle>false</autoIncrementCycle>
<associations>
<colAssociation fkAssociation="FB5E85B8-AD67-8083-5D04-AA993B467271" referredColumn="03D04377-CF40-E31B-8D59-A26ACE43E4BF"/>
</associations>
</Column>
</columns>
<indexes itemClass="oracle.dbtools.crest.model.design.relational.Index">
<ind_PK_UK id="D56C651C-B675-38CB-80E7-A276879B016C" name="Product_Warranty_PK">
<createdBy>Ania</createdBy>
<createdTime>2023-12-19 11:16:20 UTC</createdTime>
<generatorID>D1D62B99-34DF-09E1-68C9-8EC05FBF5A67</generatorID>
<ownerDesignName>nowawersjabazydanych</ownerDesignName>
<pk>true</pk>
<indexState>Primary Constraint</indexState>
<isSurrogateKey>false</isSurrogateKey>
<indexColumnUsage>
<colUsage columnID="38670E9F-803F-1F54-F020-EE54990F1303"/>
</indexColumnUsage>
</ind_PK_UK>
<ind_PK_UK id="935C4328-620D-5147-CC1D-8BE21EC803EB" name="Product_Warranty__IDX">
<createdBy>Ania</createdBy>
<createdTime>2023-12-19 11:16:21 UTC</createdTime>
<ownerDesignName>nowawersjabazydanych</ownerDesignName>
<indexState>Unique Plain Index</indexState>
<isSurrogateKey>false</isSurrogateKey>
<relationGeneratorID>8A900FBD-046B-0F42-538B-454DD73073BC</relationGeneratorID>
<indexColumnUsage>
<colUsage columnID="163E07CC-7DA7-35AF-85F2-FDA692D6B2A1"/>
</indexColumnUsage>
</ind_PK_UK>
<ind_PK_UK id="AF0715AA-D47B-93FE-665C-188B173621A7" name="ProductWarranty__IDXv2">
<createdBy>Darek</createdBy>
<createdTime>2023-12-28 16:48:54 UTC</createdTime>
<ownerDesignName>nowawersjabazydanych</ownerDesignName>
<indexState>Unique Plain Index</indexState>
<isSurrogateKey>false</isSurrogateKey>
<relationGeneratorID>8A900FBD-046B-0F42-538B-454DD73073BC</relationGeneratorID>
<indexColumnUsage>
<colUsage columnID="727369EB-A3B0-B884-1A94-0713E406AD8D"/>
</indexColumnUsage>
</ind_PK_UK>
<ind_PK_UK id="EB8C714A-FD3E-91FC-55D3-44E7E14AE290" name="PW_OrderedProducts_FK">
<createdBy>Darek</createdBy>
<createdTime>2023-12-28 16:48:54 UTC</createdTime>
<generatorID>8A900FBD-046B-0F42-538B-454DD73073BC</generatorID>
<ownerDesignName>nowawersjabazydanych</ownerDesignName>
<indexState>Foreign Key</indexState>
<isSurrogateKey>false</isSurrogateKey>
<indexColumnUsage>
<colUsage columnID="727369EB-A3B0-B884-1A94-0713E406AD8D"/>
</indexColumnUsage>
</ind_PK_UK>
</indexes>
</Table>