<?xml version = '1.0' encoding = 'UTF-8'?>
<Table class="oracle.dbtools.crest.model.design.relational.Table" directorySegmentName="seg_0" id="946F2796-0257-AE08-C2C6-1199B5D04EDA" name="Client">
<createdBy>Ania</createdBy>
<createdTime>2023-12-19 11:16:20 UTC</createdTime>
<generatorID>738DA78A-2A82-9EC4-F8E9-7C28DAD29557</generatorID>
<ownerDesignName>nowawersjabazydanych</ownerDesignName>
<allowColumnReorder>false</allowColumnReorder>
<existDependencyGenerateInDDl>true</existDependencyGenerateInDDl>
<parsed>true</parsed>
<columns itemClass="oracle.dbtools.crest.model.design.relational.Column">
<Column name="ClientKey" id="D97AD7AB-5822-ABAA-19E0-5E3A62040A5A">
<createdBy>Ania</createdBy>
<createdTime>2023-12-19 11:16:20 UTC</createdTime>
<generatorID>18B85A4D-5245-D38D-B840-E0E6366289EC</generatorID>
<ownerDesignName>nowawersjabazydanych</ownerDesignName>
<useDomainConstraints>false</useDomainConstraints>
<use>1</use>
<logicalDatatype>LOGDT019</logicalDatatype>
<dataTypePrecision>10</dataTypePrecision>
<ownDataTypeParameters>,10,</ownDataTypeParameters>
<autoIncrementCycle>false</autoIncrementCycle>
</Column>
<Column name="ClientFirstName" id="8BEAAA0B-4CC5-FF61-9511-45951BB0C757">
<createdBy>Ania</createdBy>
<createdTime>2023-12-19 11:16:20 UTC</createdTime>
<generatorID>35E692C6-2441-4A55-9398-40A9A878B2D9</generatorID>
<ownerDesignName>nowawersjabazydanych</ownerDesignName>
<useDomainConstraints>false</useDomainConstraints>
<use>1</use>
<logicalDatatype>LOGDT024</logicalDatatype>
<dataTypeSize>50</dataTypeSize>
<ownDataTypeParameters>50,,</ownDataTypeParameters>
<autoIncrementCycle>false</autoIncrementCycle>
</Column>
<Column name="ClientLastname" id="6AA86AD1-433B-74A6-94F7-B35B6676DA4F">
<createdBy>Ania</createdBy>
<createdTime>2023-12-19 11:16:20 UTC</createdTime>
<generatorID>219AF8BD-629D-7125-C112-3ED38A87A2AF</generatorID>
<ownerDesignName>nowawersjabazydanych</ownerDesignName>
<useDomainConstraints>false</useDomainConstraints>
<use>1</use>
<logicalDatatype>LOGDT024</logicalDatatype>
<dataTypeSize>50</dataTypeSize>
<ownDataTypeParameters>50,,</ownDataTypeParameters>
<autoIncrementCycle>false</autoIncrementCycle>
</Column>
<Column name="UserKey" id="5C38B92F-D38F-EA15-0AEA-8ECFB976A1DE">
<createdBy>Ania</createdBy>
<createdTime>2023-12-19 11:16:20 UTC</createdTime>
<generatorID>CC718FA1-7923-FAFB-F8FB-5DEE036DC2DA</generatorID>
<ownerDesignName>nowawersjabazydanych</ownerDesignName>
<useDomainConstraints>false</useDomainConstraints>
<use>1</use>
<logicalDatatype>LOGDT019</logicalDatatype>
<dataTypePrecision>10</dataTypePrecision>
<ownDataTypeParameters>,,</ownDataTypeParameters>
<previousColumn>false</previousColumn>
<autoIncrementCycle>false</autoIncrementCycle>
<associations>
<colAssociation fkAssociation="1A947B53-3B84-14CF-FC6B-5B1154B60098" referredColumn="DFA2C8A7-B8FA-C7F2-0B8B-C44AB9DE7E74"/>
</associations>
</Column>
<Column name="UserKey2" id="1A28F481-E469-782B-F92D-80998A98B55B">
<createdBy>Darek</createdBy>
<createdTime>2023-12-28 16:44:13 UTC</createdTime>
<generatorID>AF020484-E33A-BEFE-E1E1-3962EF9DE2C4</generatorID>
<ownerDesignName>nowawersjabazydanych</ownerDesignName>
<useDomainConstraints>false</useDomainConstraints>
<use>1</use>
<logicalDatatype>LOGDT019</logicalDatatype>
<dataTypePrecision>10</dataTypePrecision>
<ownDataTypeParameters>,10,</ownDataTypeParameters>
<previousColumn>false</previousColumn>
<autoIncrementCycle>false</autoIncrementCycle>
</Column>
</columns>
<indexes itemClass="oracle.dbtools.crest.model.design.relational.Index">
<ind_PK_UK id="FFF14F94-7412-EC00-B44F-29F5019E9428" name="Client_PK">
<createdBy>Ania</createdBy>
<createdTime>2023-12-19 11:16:20 UTC</createdTime>
<generatorID>128DAC5F-1FEF-45D6-786D-99701D803DCB</generatorID>
<ownerDesignName>nowawersjabazydanych</ownerDesignName>
<pk>true</pk>
<indexState>Primary Constraint</indexState>
<isSurrogateKey>false</isSurrogateKey>
<indexColumnUsage>
<colUsage columnID="D97AD7AB-5822-ABAA-19E0-5E3A62040A5A"/>
</indexColumnUsage>
</ind_PK_UK>
<ind_PK_UK id="CFADF018-AD5A-369C-E803-EC9AF112DD90" name="Client__IDX">
<createdBy>Ania</createdBy>
<createdTime>2023-12-19 11:16:21 UTC</createdTime>
<ownerDesignName>nowawersjabazydanych</ownerDesignName>
<indexState>Unique Plain Index</indexState>
<isSurrogateKey>false</isSurrogateKey>
<relationGeneratorID>D2E68FE0-88CB-8C8F-187C-200A41A0CE77</relationGeneratorID>
<indexColumnUsage>
<colUsage columnID="5C38B92F-D38F-EA15-0AEA-8ECFB976A1DE"/>
</indexColumnUsage>
</ind_PK_UK>
<ind_PK_UK id="CF113D4C-98A1-5497-2054-D792DAA4E63D" name="Client_User_FK">
<createdBy>Ania</createdBy>
<createdTime>2023-12-19 11:16:21 UTC</createdTime>
<generatorID>D2E68FE0-88CB-8C8F-187C-200A41A0CE77</generatorID>
<ownerDesignName>nowawersjabazydanych</ownerDesignName>
<indexState>Foreign Key</indexState>
<isSurrogateKey>false</isSurrogateKey>
<indexColumnUsage>
<colUsage columnID="5C38B92F-D38F-EA15-0AEA-8ECFB976A1DE"/>
</indexColumnUsage>
</ind_PK_UK>
</indexes>
</Table>