<?xml version = '1.0' encoding = 'UTF-8'?>
<Table class="oracle.dbtools.crest.model.design.relational.Table" directorySegmentName="seg_0" id="957D2AE2-1BCD-9AD6-07C1-7E239A683B75" name="AddressList">
<createdBy>Ania</createdBy>
<createdTime>2023-12-19 11:16:20 UTC</createdTime>
<generatorID>CF57D005-9A50-B7C4-34C9-CFF733FCDC7B</generatorID>
<ownerDesignName>nowawersjabazydanych</ownerDesignName>
<allowColumnReorder>false</allowColumnReorder>
<existDependencyGenerateInDDl>true</existDependencyGenerateInDDl>
<parsed>true</parsed>
<columns itemClass="oracle.dbtools.crest.model.design.relational.Column">
<Column name="Client_ClientKey" id="5BA563E7-00F7-7810-97CE-7E21C36FFF90">
<createdBy>Ania</createdBy>
<createdTime>2023-12-19 11:16:20 UTC</createdTime>
<generatorID>60FADC2C-D288-BE50-12AC-B1BD3B8E2761</generatorID>
<ownerDesignName>nowawersjabazydanych</ownerDesignName>
<useDomainConstraints>false</useDomainConstraints>
<use>1</use>
<logicalDatatype>LOGDT019</logicalDatatype>
<dataTypePrecision>10</dataTypePrecision>
<ownDataTypeParameters>,,</ownDataTypeParameters>
<previousColumn>false</previousColumn>
<autoIncrementCycle>false</autoIncrementCycle>
<associations>
<colAssociation fkAssociation="3C07915E-E822-2AC4-8DC5-4B2114722379" referredColumn="D97AD7AB-5822-ABAA-19E0-5E3A62040A5A"/>
</associations>
</Column>
<Column name="Country_CountryKey" id="9A236079-CED2-23A8-5603-D8453AD0BF16">
<createdBy>Ania</createdBy>
<createdTime>2023-12-19 11:16:20 UTC</createdTime>
<generatorID>1D429722-19C3-0D76-FA53-05014FEDB92D</generatorID>
<ownerDesignName>nowawersjabazydanych</ownerDesignName>
<useDomainConstraints>false</useDomainConstraints>
<use>1</use>
<logicalDatatype>LOGDT019</logicalDatatype>
<dataTypePrecision>2</dataTypePrecision>
<ownDataTypeParameters>,,</ownDataTypeParameters>
<previousColumn>false</previousColumn>
<autoIncrementCycle>false</autoIncrementCycle>
<associations>
<colAssociation fkAssociation="B72A3FC2-06D0-45E4-86B1-6A801F6CB5BD" referredColumn="08A84039-FDF8-ACCE-0090-442DF33E3EDB"/>
</associations>
</Column>
<Column name="AddressListKey" id="33AEDAE0-C514-ADD9-040F-763DB3AB6F07">
<createdBy>Ania</createdBy>
<createdTime>2023-12-19 11:16:20 UTC</createdTime>
<generatorID>F4E676BC-74AF-878B-5F04-F190668D5615</generatorID>
<ownerDesignName>nowawersjabazydanych</ownerDesignName>
<useDomainConstraints>false</useDomainConstraints>
<use>1</use>
<logicalDatatype>LOGDT019</logicalDatatype>
<dataTypePrecision>10</dataTypePrecision>
<ownDataTypeParameters>,10,</ownDataTypeParameters>
<autoIncrementCycle>false</autoIncrementCycle>
</Column>
<Column name="AddressListName" id="E5864A40-577A-4BEC-177F-3E81CE2E3813">
<createdBy>Ania</createdBy>
<createdTime>2023-12-19 11:16:20 UTC</createdTime>
<generatorID>AB42ACA6-47AF-3114-3896-246F96F21657</generatorID>
<ownerDesignName>nowawersjabazydanych</ownerDesignName>
<useDomainConstraints>false</useDomainConstraints>
<use>1</use>
<logicalDatatype>LOGDT024</logicalDatatype>
<dataTypeSize>50</dataTypeSize>
<ownDataTypeParameters>50,,</ownDataTypeParameters>
<autoIncrementCycle>false</autoIncrementCycle>
</Column>
</columns>
<indexes itemClass="oracle.dbtools.crest.model.design.relational.Index">
<ind_PK_UK id="A4F057A4-A7F6-DBEA-0E37-EEF2D62F2688" name="AddressesList_PK">
<createdBy>Ania</createdBy>
<createdTime>2023-12-19 11:16:20 UTC</createdTime>
<generatorID>24865FEC-98A4-F5AD-AC9B-3D8C5DBABA1B</generatorID>
<ownerDesignName>nowawersjabazydanych</ownerDesignName>
<pk>true</pk>
<indexState>Primary Constraint</indexState>
<isSurrogateKey>false</isSurrogateKey>
<indexColumnUsage>
<colUsage columnID="33AEDAE0-C514-ADD9-040F-763DB3AB6F07"/>
</indexColumnUsage>
</ind_PK_UK>
<ind_PK_UK id="12C897A2-6506-3757-84AB-A7B9A0AD9E4C" name="AddressList_Client_FK">
<createdBy>Ania</createdBy>
<createdTime>2023-12-19 11:16:21 UTC</createdTime>
<generatorID>0956AC10-A375-DB25-B889-4481B65EBCAB</generatorID>
<ownerDesignName>nowawersjabazydanych</ownerDesignName>
<indexState>Foreign Key</indexState>
<isSurrogateKey>false</isSurrogateKey>
<indexColumnUsage>
<colUsage columnID="5BA563E7-00F7-7810-97CE-7E21C36FFF90"/>
</indexColumnUsage>
</ind_PK_UK>
<ind_PK_UK id="EABEA85D-5FB7-BF32-0574-89505776C334" name="AddressList_Country_FK">
<createdBy>Ania</createdBy>
<createdTime>2023-12-19 11:16:21 UTC</createdTime>
<generatorID>E7C156FF-996F-B94D-6E36-B03146C27EC1</generatorID>
<ownerDesignName>nowawersjabazydanych</ownerDesignName>
<indexState>Foreign Key</indexState>
<isSurrogateKey>false</isSurrogateKey>
<indexColumnUsage>
<colUsage columnID="9A236079-CED2-23A8-5603-D8453AD0BF16"/>
</indexColumnUsage>
</ind_PK_UK>
</indexes>
</Table>