<?xml version = '1.0' encoding = 'UTF-8'?>
<Table class="oracle.dbtools.crest.model.design.relational.Table" directorySegmentName="seg_0" id="A42522E6-E38E-5419-CECF-B44924A7A47E" name="Product">
<createdBy>Ania</createdBy>
<createdTime>2023-12-19 11:16:20 UTC</createdTime>
<generatorID>59F39D54-E877-255C-494A-6B8419DAA963</generatorID>
<ownerDesignName>nowawersjabazydanych</ownerDesignName>
<allowColumnReorder>false</allowColumnReorder>
<existDependencyGenerateInDDl>true</existDependencyGenerateInDDl>
<parsed>true</parsed>
<columns itemClass="oracle.dbtools.crest.model.design.relational.Column">
<Column name="ProductKey" id="FE5514A4-3C0B-8E9D-EFE2-0335065B9D5A">
<createdBy>Ania</createdBy>
<createdTime>2023-12-19 11:16:20 UTC</createdTime>
<generatorID>86291D7C-85DC-2F67-92D8-A7CFDFD3A874</generatorID>
<ownerDesignName>nowawersjabazydanych</ownerDesignName>
<useDomainConstraints>false</useDomainConstraints>
<use>1</use>
<logicalDatatype>LOGDT019</logicalDatatype>
<dataTypePrecision>10</dataTypePrecision>
<ownDataTypeParameters>,10,</ownDataTypeParameters>
<autoIncrementCycle>false</autoIncrementCycle>
</Column>
<Column name="ProductName" id="1A17B143-3332-B42F-9463-197AA1453E74">
<createdBy>Ania</createdBy>
<createdTime>2023-12-19 11:16:20 UTC</createdTime>
<generatorID>C5FE8A2F-23B6-3F35-E413-C75DACC1AD7A</generatorID>
<ownerDesignName>nowawersjabazydanych</ownerDesignName>
<useDomainConstraints>false</useDomainConstraints>
<use>1</use>
<logicalDatatype>LOGDT024</logicalDatatype>
<dataTypeSize>50</dataTypeSize>
<ownDataTypeParameters>50,,</ownDataTypeParameters>
<autoIncrementCycle>false</autoIncrementCycle>
</Column>
<Column name="SubcategoryKey" id="6E01D19E-F6D0-1F8A-C6AF-1E67C312615A">
<createdBy>Ania</createdBy>
<createdTime>2023-12-19 11:16:20 UTC</createdTime>
<generatorID>8324217A-20D2-4EC2-AAFD-B1EFB7C95EBC</generatorID>
<ownerDesignName>nowawersjabazydanych</ownerDesignName>
<useDomainConstraints>false</useDomainConstraints>
<use>1</use>
<logicalDatatype>LOGDT019</logicalDatatype>
<dataTypePrecision>2</dataTypePrecision>
<ownDataTypeParameters>,,</ownDataTypeParameters>
<previousColumn>false</previousColumn>
<autoIncrementCycle>false</autoIncrementCycle>
<associations>
<colAssociation fkAssociation="9CED516C-8D46-FEC8-42FC-4EB13B0D0014" referredColumn="A6FB361C-BB04-C078-99D5-2EBEC0930F4B"/>
</associations>
</Column>
<Column name="ProductBrandKey" id="A0905136-D2CC-FC3C-BA44-6AB30FF164F9">
<createdBy>Ania</createdBy>
<createdTime>2023-12-19 11:16:20 UTC</createdTime>
<generatorID>6AFF9993-47F1-7827-FA38-0731584DD2C6</generatorID>
<ownerDesignName>nowawersjabazydanych</ownerDesignName>
<useDomainConstraints>false</useDomainConstraints>
<use>1</use>
<logicalDatatype>LOGDT019</logicalDatatype>
<dataTypePrecision>5</dataTypePrecision>
<ownDataTypeParameters>,,</ownDataTypeParameters>
<previousColumn>false</previousColumn>
<autoIncrementCycle>false</autoIncrementCycle>
<associations>
<colAssociation fkAssociation="9918D495-F7C5-1397-9B9E-1897E3AFA928" referredColumn="E1520F87-A052-D6A1-F2E2-3FC9FE50C319"/>
</associations>
</Column>
</columns>
<indexes itemClass="oracle.dbtools.crest.model.design.relational.Index">
<ind_PK_UK id="39812352-0709-2E79-7A0B-BACA0B66CAAF" name="Product_PK">
<createdBy>Ania</createdBy>
<createdTime>2023-12-19 11:16:20 UTC</createdTime>
<generatorID>B832765C-9239-7A43-0B39-5632C9118C59</generatorID>
<ownerDesignName>nowawersjabazydanych</ownerDesignName>
<pk>true</pk>
<indexState>Primary Constraint</indexState>
<isSurrogateKey>false</isSurrogateKey>
<indexColumnUsage>
<colUsage columnID="FE5514A4-3C0B-8E9D-EFE2-0335065B9D5A"/>
</indexColumnUsage>
</ind_PK_UK>
<ind_PK_UK id="F9FA7854-F165-0C56-F911-414D63EA82BD" name="Product_ProductBrand_FK">
<createdBy>Ania</createdBy>
<createdTime>2023-12-19 11:16:21 UTC</createdTime>
<generatorID>78BBD255-7CB0-3163-283F-CA9E95852FBA</generatorID>
<ownerDesignName>nowawersjabazydanych</ownerDesignName>
<indexState>Foreign Key</indexState>
<isSurrogateKey>false</isSurrogateKey>
<indexColumnUsage>
<colUsage columnID="A0905136-D2CC-FC3C-BA44-6AB30FF164F9"/>
</indexColumnUsage>
</ind_PK_UK>
<ind_PK_UK id="189EE16E-CADA-391C-D7EB-E30896BD4D49" name="Product_ProductSubcategory_FK">
<createdBy>Ania</createdBy>
<createdTime>2023-12-19 11:16:21 UTC</createdTime>
<generatorID>6763D97D-060B-EEB6-1C83-CA4E109949EF</generatorID>
<ownerDesignName>nowawersjabazydanych</ownerDesignName>
<indexState>Foreign Key</indexState>
<isSurrogateKey>false</isSurrogateKey>
<indexColumnUsage>
<colUsage columnID="6E01D19E-F6D0-1F8A-C6AF-1E67C312615A"/>
</indexColumnUsage>
</ind_PK_UK>
</indexes>
</Table>