<?xml version = '1.0' encoding = 'UTF-8'?>
<Table class="oracle.dbtools.crest.model.design.relational.Table" directorySegmentName="seg_0" id="ADCBE278-9C80-1C66-2128-36A82C76484A" name="Relation_53">
<createdBy>Ania</createdBy>
<createdTime>2023-12-19 11:16:21 UTC</createdTime>
<ownerDesignName>nowawersjabazydanych</ownerDesignName>
<allowColumnReorder>false</allowColumnReorder>
<existDependencyGenerateInDDl>true</existDependencyGenerateInDDl>
<parsed>true</parsed>
<columns itemClass="oracle.dbtools.crest.model.design.relational.Column">
<Column name="OrderedProductsKey" id="DCE6DBD6-B954-E048-3A06-BC4F12F498E3">
<createdBy>Ania</createdBy>
<createdTime>2023-12-19 11:16:21 UTC</createdTime>
<ownerDesignName>nowawersjabazydanych</ownerDesignName>
<useDomainConstraints>false</useDomainConstraints>
<use>1</use>
<logicalDatatype>LOGDT019</logicalDatatype>
<dataTypePrecision>10</dataTypePrecision>
<ownDataTypeParameters>,10,</ownDataTypeParameters>
<previousColumn>false</previousColumn>
<autoIncrementCycle>false</autoIncrementCycle>
<associations>
<colAssociation fkAssociation="F67D948D-B848-6C69-8FE2-E336C84B7F2C" referredColumn="03D04377-CF40-E31B-8D59-A26ACE43E4BF"/>
</associations>
</Column>
<Column name="ProductOpinionKey" id="2A6AC8A1-AE18-F326-3E01-9FCE54AEA1BD">
<createdBy>Ania</createdBy>
<createdTime>2023-12-19 11:16:21 UTC</createdTime>
<ownerDesignName>nowawersjabazydanych</ownerDesignName>
<useDomainConstraints>false</useDomainConstraints>
<use>1</use>
<logicalDatatype>LOGDT019</logicalDatatype>
<dataTypePrecision>10</dataTypePrecision>
<ownDataTypeParameters>,,</ownDataTypeParameters>
<previousColumn>false</previousColumn>
<autoIncrementCycle>false</autoIncrementCycle>
<associations>
<colAssociation fkAssociation="48F1DD39-319A-FAF0-156F-64E232AE4E99" referredColumn="9A7C0A00-FECA-45F4-B20F-DD457C5A953D"/>
</associations>
</Column>
</columns>
<indexes itemClass="oracle.dbtools.crest.model.design.relational.Index">
<ind_PK_UK id="506473B5-4EE3-95BE-8E70-EC6CAF53F200" name="Relation_53_PK">
<createdBy>Ania</createdBy>
<createdTime>2023-12-19 11:16:21 UTC</createdTime>
<ownerDesignName>nowawersjabazydanych</ownerDesignName>
<pk>true</pk>
<indexState>Primary Constraint</indexState>
<isSurrogateKey>false</isSurrogateKey>
<indexColumnUsage>
<colUsage columnID="DCE6DBD6-B954-E048-3A06-BC4F12F498E3"/>
<colUsage columnID="2A6AC8A1-AE18-F326-3E01-9FCE54AEA1BD"/>
</indexColumnUsage>
</ind_PK_UK>
<ind_PK_UK id="081F066F-15A1-6BCA-9AD7-01A65F3A92A8" name="Ordered_Products_FK">
<createdBy>Ania</createdBy>
<createdTime>2023-12-19 11:16:21 UTC</createdTime>
<generatorID>E8FBCD8E-64D3-6F62-8E01-ABC5D58D8B15</generatorID>
<ownerDesignName>nowawersjabazydanych</ownerDesignName>
<indexState>Foreign Key</indexState>
<isSurrogateKey>false</isSurrogateKey>
<indexColumnUsage>
<colUsage columnID="DCE6DBD6-B954-E048-3A06-BC4F12F498E3"/>
</indexColumnUsage>
</ind_PK_UK>
<ind_PK_UK id="9B8C5B5A-7D11-7FCC-B4AA-96F33E577293" name="Product_Opinions_FK">
<createdBy>Ania</createdBy>
<createdTime>2023-12-19 11:16:21 UTC</createdTime>
<generatorID>E8FBCD8E-64D3-6F62-8E01-ABC5D58D8B15</generatorID>
<ownerDesignName>nowawersjabazydanych</ownerDesignName>
<indexState>Foreign Key</indexState>
<isSurrogateKey>false</isSurrogateKey>
<indexColumnUsage>
<colUsage columnID="2A6AC8A1-AE18-F326-3E01-9FCE54AEA1BD"/>
</indexColumnUsage>
</ind_PK_UK>
</indexes>
</Table>