<?xml version = '1.0' encoding = 'UTF-8'?>
<Table class="oracle.dbtools.crest.model.design.relational.Table" directorySegmentName="seg_0" id="ADE3D0D8-1CAE-6E0F-C347-1FE02F1CA8C9" name="Street">
<createdBy>Ania</createdBy>
<createdTime>2023-12-19 11:16:20 UTC</createdTime>
<generatorID>21508E31-665D-B4C5-B84A-8A33C31EE2B3</generatorID>
<ownerDesignName>nowawersjabazydanych</ownerDesignName>
<allowColumnReorder>false</allowColumnReorder>
<existDependencyGenerateInDDl>true</existDependencyGenerateInDDl>
<parsed>true</parsed>
<columns itemClass="oracle.dbtools.crest.model.design.relational.Column">
<Column name="StreetKey" id="7933E78A-D2C9-E4E6-1252-D5F999606419">
<createdBy>Ania</createdBy>
<createdTime>2023-12-19 11:16:20 UTC</createdTime>
<generatorID>BB7D29BB-35C2-FD63-FA63-7367F1A199F0</generatorID>
<ownerDesignName>nowawersjabazydanych</ownerDesignName>
<useDomainConstraints>false</useDomainConstraints>
<use>1</use>
<logicalDatatype>LOGDT019</logicalDatatype>
<dataTypePrecision>10</dataTypePrecision>
<ownDataTypeParameters>,10,</ownDataTypeParameters>
<autoIncrementCycle>false</autoIncrementCycle>
</Column>
<Column name="StreetName" id="1F253397-A774-7EE3-83C4-82535C6D7BA7">
<createdBy>Ania</createdBy>
<createdTime>2023-12-19 11:16:20 UTC</createdTime>
<generatorID>1FE82491-DE6E-0FAE-BDEA-7C9978551511</generatorID>
<ownerDesignName>nowawersjabazydanych</ownerDesignName>
<useDomainConstraints>false</useDomainConstraints>
<use>1</use>
<logicalDatatype>LOGDT024</logicalDatatype>
<dataTypeSize>50</dataTypeSize>
<ownDataTypeParameters>50,,</ownDataTypeParameters>
<autoIncrementCycle>false</autoIncrementCycle>
</Column>
<Column name="ZipCode" id="AD81BDCF-6A4A-EF10-84F5-41EA20551DB6">
<createdBy>Ania</createdBy>
<createdTime>2023-12-19 11:16:20 UTC</createdTime>
<generatorID>C0B3601A-52C2-2817-4CC4-00E18EAD5533</generatorID>
<ownerDesignName>nowawersjabazydanych</ownerDesignName>
<useDomainConstraints>false</useDomainConstraints>
<use>1</use>
<logicalDatatype>LOGDT025</logicalDatatype>
<dataTypeSize>5</dataTypeSize>
<ownDataTypeParameters>5,,</ownDataTypeParameters>
<autoIncrementCycle>false</autoIncrementCycle>
</Column>
<Column name="City_CityKey" id="945FDBFB-A821-CD4E-8927-4BFA4F0518C8">
<createdBy>Ania</createdBy>
<createdTime>2023-12-19 11:16:20 UTC</createdTime>
<generatorID>AB4843DF-8080-60D5-CB04-7DD5830EAC8A</generatorID>
<ownerDesignName>nowawersjabazydanych</ownerDesignName>
<useDomainConstraints>false</useDomainConstraints>
<use>1</use>
<logicalDatatype>LOGDT019</logicalDatatype>
<dataTypePrecision>6</dataTypePrecision>
<ownDataTypeParameters>,,</ownDataTypeParameters>
<previousColumn>false</previousColumn>
<autoIncrementCycle>false</autoIncrementCycle>
<associations>
<colAssociation fkAssociation="55D149D7-5E71-7053-C0DC-019785C6F03B" referredColumn="7D48BCC9-5012-6D5C-CD41-E654CCC788A3"/>
</associations>
</Column>
</columns>
<indexes itemClass="oracle.dbtools.crest.model.design.relational.Index">
<ind_PK_UK id="F32EB4D3-BAE5-B2B7-1A14-8442C10E86B5" name="Street_PK">
<createdBy>Ania</createdBy>
<createdTime>2023-12-19 11:16:20 UTC</createdTime>
<generatorID>E2DFE278-1641-DB3D-9EBB-17A454D8C91E</generatorID>
<ownerDesignName>nowawersjabazydanych</ownerDesignName>
<pk>true</pk>
<indexState>Primary Constraint</indexState>
<isSurrogateKey>false</isSurrogateKey>
<indexColumnUsage>
<colUsage columnID="7933E78A-D2C9-E4E6-1252-D5F999606419"/>
</indexColumnUsage>
</ind_PK_UK>
<ind_PK_UK id="EA165C80-731C-9126-E253-A1F459F6D568" name="Street_StreetName_UN">
<createdBy>Ania</createdBy>
<createdTime>2023-12-19 11:16:20 UTC</createdTime>
<generatorID>140297C9-DCA6-897A-9651-4708D65F9D9F</generatorID>
<ownerDesignName>nowawersjabazydanych</ownerDesignName>
<indexState>Unique Constraint</indexState>
<isSurrogateKey>false</isSurrogateKey>
<indexColumnUsage>
<colUsage columnID="1F253397-A774-7EE3-83C4-82535C6D7BA7"/>
</indexColumnUsage>
</ind_PK_UK>
<ind_PK_UK id="D6867211-BB3F-2811-3434-9538729EC626" name="Street_City_FK">
<createdBy>Ania</createdBy>
<createdTime>2023-12-19 11:16:21 UTC</createdTime>
<generatorID>D6762D6C-DA63-7742-A5AA-BD9D4F5FDFD6</generatorID>
<ownerDesignName>nowawersjabazydanych</ownerDesignName>
<indexState>Foreign Key</indexState>
<isSurrogateKey>false</isSurrogateKey>
<indexColumnUsage>
<colUsage columnID="945FDBFB-A821-CD4E-8927-4BFA4F0518C8"/>
</indexColumnUsage>
</ind_PK_UK>
</indexes>
</Table>