<?xml version = '1.0' encoding = 'UTF-8'?>
<Table class="oracle.dbtools.crest.model.design.relational.Table" directorySegmentName="seg_0" id="B5E647F4-514E-8539-BDB1-87023E673580" name="OrderStatusHistory">
<createdBy>Ania</createdBy>
<createdTime>2023-12-19 11:16:20 UTC</createdTime>
<generatorID>6AA7AFF5-8B3B-ED70-3189-AC6FFF40DFE9</generatorID>
<ownerDesignName>nowawersjabazydanych</ownerDesignName>
<allowColumnReorder>false</allowColumnReorder>
<existDependencyGenerateInDDl>true</existDependencyGenerateInDDl>
<parsed>true</parsed>
<columns itemClass="oracle.dbtools.crest.model.design.relational.Column">
<Column name="OrderStatusHistoryKey" id="2CCA28BB-0A65-D8AF-5A90-B826F0D5D603">
<createdBy>Ania</createdBy>
<createdTime>2023-12-19 11:16:20 UTC</createdTime>
<generatorID>C17D24B5-9D45-13B9-4C0A-5DF1980B6AAD</generatorID>
<ownerDesignName>nowawersjabazydanych</ownerDesignName>
<useDomainConstraints>false</useDomainConstraints>
<use>1</use>
<logicalDatatype>LOGDT019</logicalDatatype>
<dataTypePrecision>10</dataTypePrecision>
<ownDataTypeParameters>,10,</ownDataTypeParameters>
<autoIncrementCycle>false</autoIncrementCycle>
</Column>
<Column name="OrderKey" id="7E8D9DB5-7432-FADC-4E95-D08185D8D0FC">
<createdBy>Ania</createdBy>
<createdTime>2023-12-19 11:16:20 UTC</createdTime>
<generatorID>C4AF95C4-6AD6-6D54-08EE-D67F66B63AF0</generatorID>
<ownerDesignName>nowawersjabazydanych</ownerDesignName>
<useDomainConstraints>false</useDomainConstraints>
<use>1</use>
<logicalDatatype>LOGDT019</logicalDatatype>
<dataTypePrecision>10</dataTypePrecision>
<ownDataTypeParameters>,,</ownDataTypeParameters>
<previousColumn>false</previousColumn>
<autoIncrementCycle>false</autoIncrementCycle>
<associations>
<colAssociation fkAssociation="23020E42-3E3F-B8E9-682A-58B98165FE0D" referredColumn="A6B1663B-D314-EB70-3BF3-87FF3B3876F2"/>
</associations>
</Column>
<Column name="OrderStatusKey" id="CEF6FA97-A58A-D0A3-A44B-1202767A410D">
<createdBy>Ania</createdBy>
<createdTime>2023-12-19 11:16:20 UTC</createdTime>
<generatorID>F6E34E4C-B22C-148B-0EDA-8E7988FA634A</generatorID>
<ownerDesignName>nowawersjabazydanych</ownerDesignName>
<useDomainConstraints>false</useDomainConstraints>
<use>1</use>
<logicalDatatype>LOGDT019</logicalDatatype>
<dataTypePrecision>2</dataTypePrecision>
<ownDataTypeParameters>,,</ownDataTypeParameters>
<previousColumn>false</previousColumn>
<autoIncrementCycle>false</autoIncrementCycle>
<associations>
<colAssociation fkAssociation="60A88F91-6013-649A-D002-D486E9220E94" referredColumn="7691B582-552C-B382-2B9D-84EC7161F77D"/>
</associations>
</Column>
<Column name="OrderStatusStartD" id="C85E5617-44EE-B6B8-22A1-475D2B8A22CF">
<createdBy>Ania</createdBy>
<createdTime>2023-12-19 11:16:20 UTC</createdTime>
<generatorID>4986D8E8-197C-FC6A-2800-607EE5C0B73A</generatorID>
<ownerDesignName>nowawersjabazydanych</ownerDesignName>
<useDomainConstraints>false</useDomainConstraints>
<use>1</use>
<logicalDatatype>LOGDT007</logicalDatatype>
<ownDataTypeParameters>,,</ownDataTypeParameters>
<autoIncrementCycle>false</autoIncrementCycle>
</Column>
<Column name="OrderStatusEndD" id="A3D6E7A3-44F8-E0A2-4043-CB134118E080">
<createdBy>Ania</createdBy>
<createdTime>2023-12-19 11:16:20 UTC</createdTime>
<generatorID>01AA258D-BC32-7D55-A5A1-239866BBEC2E</generatorID>
<ownerDesignName>nowawersjabazydanych</ownerDesignName>
<useDomainConstraints>false</useDomainConstraints>
<use>1</use>
<logicalDatatype>LOGDT007</logicalDatatype>
<ownDataTypeParameters>,,</ownDataTypeParameters>
<autoIncrementCycle>false</autoIncrementCycle>
</Column>
</columns>
<indexes itemClass="oracle.dbtools.crest.model.design.relational.Index">
<ind_PK_UK id="BFB3E89F-B9AA-D579-2264-D032DBC355E2" name="Orders_Status_History_PK">
<createdBy>Ania</createdBy>
<createdTime>2023-12-19 11:16:20 UTC</createdTime>
<generatorID>E177CD28-28E8-33C7-D145-9A5EA59B5924</generatorID>
<ownerDesignName>nowawersjabazydanych</ownerDesignName>
<pk>true</pk>
<indexState>Primary Constraint</indexState>
<isSurrogateKey>false</isSurrogateKey>
<indexColumnUsage>
<colUsage columnID="2CCA28BB-0A65-D8AF-5A90-B826F0D5D603"/>
</indexColumnUsage>
</ind_PK_UK>
<ind_PK_UK id="1CEEE74A-CA6A-F597-6BCE-6AFF4ACF7F7C" name="OSH_OrderHeader_FK">
<createdBy>Ania</createdBy>
<createdTime>2023-12-19 11:16:21 UTC</createdTime>
<generatorID>87EFC1BF-0373-1AB4-176F-481C91D383C0</generatorID>
<ownerDesignName>nowawersjabazydanych</ownerDesignName>
<indexState>Foreign Key</indexState>
<isSurrogateKey>false</isSurrogateKey>
<indexColumnUsage>
<colUsage columnID="7E8D9DB5-7432-FADC-4E95-D08185D8D0FC"/>
</indexColumnUsage>
</ind_PK_UK>
<ind_PK_UK id="E821BE48-1D8A-F9BD-5812-BACAFA4BA840" name="OSH_OrderStatus_FK">
<createdBy>Ania</createdBy>
<createdTime>2023-12-19 11:16:21 UTC</createdTime>
<generatorID>2B3A75F6-DC4B-70A0-7875-97E917562A84</generatorID>
<ownerDesignName>nowawersjabazydanych</ownerDesignName>
<indexState>Foreign Key</indexState>
<isSurrogateKey>false</isSurrogateKey>
<indexColumnUsage>
<colUsage columnID="CEF6FA97-A58A-D0A3-A44B-1202767A410D"/>
</indexColumnUsage>
</ind_PK_UK>
</indexes>
</Table>