<?xml version = '1.0' encoding = 'UTF-8'?>
<Table class="oracle.dbtools.crest.model.design.relational.Table" directorySegmentName="seg_0" id="BAEC0192-2156-5567-C911-FFE28203006C" name="City">
<createdBy>Ania</createdBy>
<createdTime>2023-12-19 11:16:20 UTC</createdTime>
<generatorID>7C711948-9F00-2B13-54B0-2CE0ABE3740C</generatorID>
<ownerDesignName>nowawersjabazydanych</ownerDesignName>
<allowColumnReorder>false</allowColumnReorder>
<existDependencyGenerateInDDl>true</existDependencyGenerateInDDl>
<parsed>true</parsed>
<columns itemClass="oracle.dbtools.crest.model.design.relational.Column">
<Column name="CityKey" id="7D48BCC9-5012-6D5C-CD41-E654CCC788A3">
<createdBy>Ania</createdBy>
<createdTime>2023-12-19 11:16:20 UTC</createdTime>
<generatorID>20868FDA-767D-78D1-FCD4-2EC2E095FF13</generatorID>
<ownerDesignName>nowawersjabazydanych</ownerDesignName>
<useDomainConstraints>false</useDomainConstraints>
<use>1</use>
<logicalDatatype>LOGDT019</logicalDatatype>
<dataTypePrecision>6</dataTypePrecision>
<ownDataTypeParameters>,6,</ownDataTypeParameters>
<autoIncrementCycle>false</autoIncrementCycle>
</Column>
<Column name="CityName" id="BCF19DDB-F6E1-A510-DEE6-0EEFD7AD4046">
<createdBy>Ania</createdBy>
<createdTime>2023-12-19 11:16:20 UTC</createdTime>
<generatorID>97E0D756-0C7E-C8FA-2267-85BBD1C74CA0</generatorID>
<ownerDesignName>nowawersjabazydanych</ownerDesignName>
<useDomainConstraints>false</useDomainConstraints>
<use>1</use>
<logicalDatatype>LOGDT024</logicalDatatype>
<dataTypeSize>50</dataTypeSize>
<ownDataTypeParameters>50,,</ownDataTypeParameters>
<autoIncrementCycle>false</autoIncrementCycle>
</Column>
<Column name="State_StateKey" id="255E534D-A568-6125-89FB-09A2B145116C">
<createdBy>Ania</createdBy>
<createdTime>2023-12-19 11:16:20 UTC</createdTime>
<generatorID>EB877B36-1AFF-E8E8-90A4-CF218C82E990</generatorID>
<ownerDesignName>nowawersjabazydanych</ownerDesignName>
<nullsAllowed>true</nullsAllowed>
<useDomainConstraints>false</useDomainConstraints>
<use>1</use>
<logicalDatatype>LOGDT019</logicalDatatype>
<dataTypePrecision>5</dataTypePrecision>
<ownDataTypeParameters>,,</ownDataTypeParameters>
<previousColumn>false</previousColumn>
<autoIncrementCycle>false</autoIncrementCycle>
<associations>
<colAssociation fkAssociation="79450099-7549-F244-E038-71791B83EE3E" referredColumn="0A8B7738-1B25-517B-3AB8-9867783E81BC"/>
</associations>
</Column>
</columns>
<indexes itemClass="oracle.dbtools.crest.model.design.relational.Index">
<ind_PK_UK id="F4B03089-7018-9B69-925E-C708427F96B6" name="City_PK">
<createdBy>Ania</createdBy>
<createdTime>2023-12-19 11:16:20 UTC</createdTime>
<generatorID>E9D83E9E-E8B4-4B81-0564-D6534ED4F580</generatorID>
<ownerDesignName>nowawersjabazydanych</ownerDesignName>
<pk>true</pk>
<indexState>Primary Constraint</indexState>
<isSurrogateKey>false</isSurrogateKey>
<indexColumnUsage>
<colUsage columnID="7D48BCC9-5012-6D5C-CD41-E654CCC788A3"/>
</indexColumnUsage>
</ind_PK_UK>
<ind_PK_UK id="EE7B1DF4-CB09-E1F9-F66F-620611813D7F" name="City_CityName_UN">
<createdBy>Ania</createdBy>
<createdTime>2023-12-19 11:16:20 UTC</createdTime>
<generatorID>9963E341-88D8-3E39-7B43-A5CADC7CC16B</generatorID>
<ownerDesignName>nowawersjabazydanych</ownerDesignName>
<indexState>Unique Constraint</indexState>
<isSurrogateKey>false</isSurrogateKey>
<indexColumnUsage>
<colUsage columnID="BCF19DDB-F6E1-A510-DEE6-0EEFD7AD4046"/>
</indexColumnUsage>
</ind_PK_UK>
<ind_PK_UK id="CAC3453C-689F-AAFC-5DAA-152BA73D2E64" name="City_State_FK">
<createdBy>Ania</createdBy>
<createdTime>2023-12-19 11:16:21 UTC</createdTime>
<generatorID>4CE755E8-00A1-B638-C934-F1FDC3427A53</generatorID>
<ownerDesignName>nowawersjabazydanych</ownerDesignName>
<indexState>Foreign Key</indexState>
<isSurrogateKey>false</isSurrogateKey>
<indexColumnUsage>
<colUsage columnID="255E534D-A568-6125-89FB-09A2B145116C"/>
</indexColumnUsage>
</ind_PK_UK>
</indexes>
</Table>