<?xml version = '1.0' encoding = 'UTF-8'?>
<Table class="oracle.dbtools.crest.model.design.relational.Table" directorySegmentName="seg_0" id="CD550A51-126F-C426-3A2C-A7985DD1C05F" name="ProductPhoto">
<createdBy>Ania</createdBy>
<createdTime>2023-12-19 11:16:20 UTC</createdTime>
<generatorID>1434622F-29F2-4434-D7D2-83F28300C029</generatorID>
<ownerDesignName>nowawersjabazydanych</ownerDesignName>
<allowColumnReorder>false</allowColumnReorder>
<existDependencyGenerateInDDl>true</existDependencyGenerateInDDl>
<parsed>true</parsed>
<columns itemClass="oracle.dbtools.crest.model.design.relational.Column">
<Column name="ProductPhotoKey" id="58834ABF-2D63-AEA7-62B0-616D17A2EE74">
<createdBy>Ania</createdBy>
<createdTime>2023-12-19 11:16:20 UTC</createdTime>
<generatorID>1A678AEA-16B8-0DA5-0822-DA77EE9DC49B</generatorID>
<ownerDesignName>nowawersjabazydanych</ownerDesignName>
<useDomainConstraints>false</useDomainConstraints>
<use>1</use>
<logicalDatatype>LOGDT019</logicalDatatype>
<dataTypePrecision>10</dataTypePrecision>
<ownDataTypeParameters>,10,</ownDataTypeParameters>
<autoIncrementCycle>false</autoIncrementCycle>
</Column>
<Column name="ProductModelKey" id="A3D67BF5-FC28-71C7-F173-D125E475F397">
<createdBy>Ania</createdBy>
<createdTime>2023-12-19 11:16:20 UTC</createdTime>
<generatorID>6E4A6169-8337-3A33-03BE-84C52C6708AF</generatorID>
<ownerDesignName>nowawersjabazydanych</ownerDesignName>
<useDomainConstraints>false</useDomainConstraints>
<use>1</use>
<logicalDatatype>LOGDT019</logicalDatatype>
<dataTypePrecision>10</dataTypePrecision>
<ownDataTypeParameters>,,</ownDataTypeParameters>
<previousColumn>false</previousColumn>
<autoIncrementCycle>false</autoIncrementCycle>
<associations>
<colAssociation fkAssociation="81B39A2A-4E62-411E-32AF-5B19853E21D3" referredColumn="53F9B97B-E756-170F-52CF-DCE50125BCF8"/>
</associations>
</Column>
</columns>
<indexes itemClass="oracle.dbtools.crest.model.design.relational.Index">
<ind_PK_UK id="D245C7BE-84B6-9F4A-6FB8-4594A87BF210" name="Product_photo_PK">
<createdBy>Ania</createdBy>
<createdTime>2023-12-19 11:16:20 UTC</createdTime>
<generatorID>FE7D693B-C41F-E712-BC22-01A56167F0EC</generatorID>
<ownerDesignName>nowawersjabazydanych</ownerDesignName>
<pk>true</pk>
<indexState>Primary Constraint</indexState>
<isSurrogateKey>false</isSurrogateKey>
<indexColumnUsage>
<colUsage columnID="58834ABF-2D63-AEA7-62B0-616D17A2EE74"/>
</indexColumnUsage>
</ind_PK_UK>
<ind_PK_UK id="1E4C5F7D-100C-8EA3-FAD0-B8DB56820009" name="PP_ProductModel_FK">
<createdBy>Ania</createdBy>
<createdTime>2023-12-19 11:16:21 UTC</createdTime>
<generatorID>3A64EA77-5174-D79C-7173-7CF153C91CEF</generatorID>
<ownerDesignName>nowawersjabazydanych</ownerDesignName>
<indexState>Foreign Key</indexState>
<isSurrogateKey>false</isSurrogateKey>
<indexColumnUsage>
<colUsage columnID="A3D67BF5-FC28-71C7-F173-D125E475F397"/>
</indexColumnUsage>
</ind_PK_UK>
</indexes>
</Table>