<?xml version = '1.0' encoding = 'UTF-8'?>
<Table class="oracle.dbtools.crest.model.design.relational.Table" directorySegmentName="seg_0" id="E3FAC90F-A1F4-EEFB-584B-4C9E2614A47D" name="ProductModel">
<createdBy>Ania</createdBy>
<createdTime>2023-12-19 11:16:20 UTC</createdTime>
<generatorID>233E2495-D47F-3487-4CC2-B3D6462A0B81</generatorID>
<ownerDesignName>nowawersjabazydanych</ownerDesignName>
<allowColumnReorder>false</allowColumnReorder>
<existDependencyGenerateInDDl>true</existDependencyGenerateInDDl>
<parsed>true</parsed>
<columns itemClass="oracle.dbtools.crest.model.design.relational.Column">
<Column name="ProductModelKey" id="53F9B97B-E756-170F-52CF-DCE50125BCF8">
<createdBy>Ania</createdBy>
<createdTime>2023-12-19 11:16:20 UTC</createdTime>
<generatorID>3D06951E-7EC6-591E-4728-F811DBB93784</generatorID>
<ownerDesignName>nowawersjabazydanych</ownerDesignName>
<useDomainConstraints>false</useDomainConstraints>
<use>1</use>
<logicalDatatype>LOGDT019</logicalDatatype>
<dataTypePrecision>10</dataTypePrecision>
<ownDataTypeParameters>,10,</ownDataTypeParameters>
<autoIncrementCycle>false</autoIncrementCycle>
</Column>
<Column name="ProductModelName" id="4FE841DB-E924-EAE6-E2F4-B16CBC263E91">
<createdBy>Ania</createdBy>
<createdTime>2023-12-19 11:16:20 UTC</createdTime>
<generatorID>35E230B2-A6D3-813D-B417-75A09121BE8C</generatorID>
<ownerDesignName>nowawersjabazydanych</ownerDesignName>
<useDomainConstraints>false</useDomainConstraints>
<use>1</use>
<logicalDatatype>LOGDT024</logicalDatatype>
<dataTypeSize>40</dataTypeSize>
<ownDataTypeParameters>40,,</ownDataTypeParameters>
<autoIncrementCycle>false</autoIncrementCycle>
</Column>
<Column name="ProductDescription" id="C2CE4DDE-B5C0-80E8-BC24-7F67B758D78A">
<createdBy>Ania</createdBy>
<createdTime>2023-12-19 11:16:20 UTC</createdTime>
<generatorID>CEAB6249-29C5-9886-8FEC-6D9FEAA8D3DF</generatorID>
<ownerDesignName>nowawersjabazydanych</ownerDesignName>
<useDomainConstraints>false</useDomainConstraints>
<use>1</use>
<logicalDatatype>LOGDT024</logicalDatatype>
<dataTypeSize>1000</dataTypeSize>
<ownDataTypeParameters>1000,,</ownDataTypeParameters>
<autoIncrementCycle>false</autoIncrementCycle>
</Column>
<Column name="ProductColorKey" id="60400A31-CB6D-D566-9F7D-A7FCF3399224">
<createdBy>Ania</createdBy>
<createdTime>2023-12-19 11:16:20 UTC</createdTime>
<generatorID>C804E5E7-6F45-D261-D797-0A68B0BAC7AC</generatorID>
<ownerDesignName>nowawersjabazydanych</ownerDesignName>
<useDomainConstraints>false</useDomainConstraints>
<use>1</use>
<logicalDatatype>LOGDT019</logicalDatatype>
<dataTypePrecision>3</dataTypePrecision>
<ownDataTypeParameters>,,</ownDataTypeParameters>
<previousColumn>false</previousColumn>
<autoIncrementCycle>false</autoIncrementCycle>
<associations>
<colAssociation fkAssociation="E7B79A33-71FA-5B90-F6DD-3882C2B828E7" referredColumn="FA93020F-A0C8-1601-0359-BB417AB4DA5A"/>
</associations>
</Column>
<Column name="ModelSize" id="7AF80A63-74BF-9B5B-35BA-669658932FA9">
<createdBy>Ania</createdBy>
<createdTime>2023-12-19 11:16:20 UTC</createdTime>
<generatorID>E22E143F-A096-013E-D4BE-96643DDC0680</generatorID>
<ownerDesignName>nowawersjabazydanych</ownerDesignName>
<useDomainConstraints>false</useDomainConstraints>
<use>1</use>
<logicalDatatype>LOGDT019</logicalDatatype>
<dataTypePrecision>2</dataTypePrecision>
<ownDataTypeParameters>,2,</ownDataTypeParameters>
<autoIncrementCycle>false</autoIncrementCycle>
</Column>
<Column name="ProductKey" id="510EF52B-1434-4F98-B0D0-1C73FCB7101B">
<createdBy>Darek</createdBy>
<createdTime>2023-12-28 16:44:13 UTC</createdTime>
<generatorID>17D21433-EE32-1DFD-BDA4-70230B79F968</generatorID>
<ownerDesignName>nowawersjabazydanych</ownerDesignName>
<useDomainConstraints>false</useDomainConstraints>
<use>1</use>
<logicalDatatype>LOGDT019</logicalDatatype>
<dataTypePrecision>10</dataTypePrecision>
<ownDataTypeParameters>,,</ownDataTypeParameters>
<previousColumn>false</previousColumn>
<autoIncrementCycle>false</autoIncrementCycle>
<associations>
<colAssociation fkAssociation="5BEC4FEF-9CB7-BA66-27D8-26197C1F7FCE" referredColumn="FE5514A4-3C0B-8E9D-EFE2-0335065B9D5A"/>
</associations>
</Column>
</columns>
<indexes itemClass="oracle.dbtools.crest.model.design.relational.Index">
<ind_PK_UK id="2A87AE6F-490D-E756-914F-677AB4190C0B" name="ProductModel_PK">
<createdBy>Ania</createdBy>
<createdTime>2023-12-19 11:16:20 UTC</createdTime>
<generatorID>BC5B15B6-50EC-391C-4178-269708B83080</generatorID>
<ownerDesignName>nowawersjabazydanych</ownerDesignName>
<pk>true</pk>
<indexState>Primary Constraint</indexState>
<isSurrogateKey>false</isSurrogateKey>
<indexColumnUsage>
<colUsage columnID="53F9B97B-E756-170F-52CF-DCE50125BCF8"/>
</indexColumnUsage>
</ind_PK_UK>
<ind_PK_UK id="3EAD54BA-8FC2-BB0D-2283-9458205248C5" name="PM_ProductColor_FK">
<createdBy>Ania</createdBy>
<createdTime>2023-12-19 11:16:21 UTC</createdTime>
<generatorID>CFE29293-0B3E-A93C-229D-4D257E7EE8D7</generatorID>
<ownerDesignName>nowawersjabazydanych</ownerDesignName>
<indexState>Foreign Key</indexState>
<isSurrogateKey>false</isSurrogateKey>
<indexColumnUsage>
<colUsage columnID="60400A31-CB6D-D566-9F7D-A7FCF3399224"/>
</indexColumnUsage>
</ind_PK_UK>
<ind_PK_UK id="89CB24C6-5007-92DB-2716-45ABE3C5CED0" name="PM_Product_FK">
<createdBy>Darek</createdBy>
<createdTime>2023-12-28 16:44:13 UTC</createdTime>
<generatorID>8B03B924-C508-11EF-FAB5-C6970B4A4ED8</generatorID>
<ownerDesignName>nowawersjabazydanych</ownerDesignName>
<indexState>Foreign Key</indexState>
<isSurrogateKey>false</isSurrogateKey>
<indexColumnUsage>
<colUsage columnID="510EF52B-1434-4F98-B0D0-1C73FCB7101B"/>
</indexColumnUsage>
</ind_PK_UK>
</indexes>
</Table>