<?xml version = '1.0' encoding = 'UTF-8'?>
<Diagram class="oracle.dbtools.crest.swingui.logical.DPVLogical" name="Logical" id="007653E4-2A8A-B678-040F-AA29D654B835">
<createdBy>Kuba</createdBy>
<modifiedBy>Kuba</modifiedBy>
<createdTime>2023-11-09 21:35:29 UTC</createdTime>
<autoRoute>false</autoRoute>
<boxInbox>true</boxInbox>
<showLegend>false</showLegend>
<showLabels>false</showLabels>
<showRelAttributes>false</showRelAttributes>
<gridEnabled>false</gridEnabled>
<showGrid>false</showGrid>
<diagramColor>-1</diagramColor>
<display>false</display>
<notation>1</notation>
<objectViews>
<OView class="oracle.dbtools.crest.swingui.logical.TVEntity" oid="03AE6489-E9CF-1931-A500-250912ED6FDC" otype="Entity" vid="0AFEB8CE-42B2-48B8-4F48-17CFC581B9FA">
<hideElementsInCurrentOnly>false</hideElementsInCurrentOnly>
<bounds x="1098" y="848" width="227" height="108"/>
</OView>
<OView class="oracle.dbtools.crest.swingui.logical.TVEntity" oid="06B9B7C6-032B-7A5A-8A95-B7F44E3CF9F4" otype="Entity" vid="F20A8019-A4EE-FAA7-C3F4-1CE01BD2ED3E">
<hideElementsInCurrentOnly>false</hideElementsInCurrentOnly>
<bounds x="807" y="455" width="108" height="76"/>
</OView>
<OView class="oracle.dbtools.crest.swingui.logical.TVEntity" oid="0FE4271E-5439-687A-4EAF-DA891D64A1F3" otype="Entity" vid="C627D277-1666-0082-574F-390F7E733EF2">
<hideElementsInCurrentOnly>false</hideElementsInCurrentOnly>
<bounds x="528" y="122" width="239" height="105"/>
</OView>
<OView class="oracle.dbtools.crest.swingui.logical.TVEntity" oid="13953533-C780-30BF-D073-D11A5151DA23" otype="Entity" vid="61B8944F-4225-71FC-42B8-CDF97EE145E1">
<hideElementsInCurrentOnly>false</hideElementsInCurrentOnly>
<bounds x="615" y="469" width="163" height="139"/>
</OView>
<OView class="oracle.dbtools.crest.swingui.logical.TVEntity" oid="13C7979B-3B16-8D84-6C66-317952EAF0BB" otype="Entity" vid="B9D28B80-C4CE-8BB2-2685-3CE30C63B0A6">
<hideElementsInCurrentOnly>false</hideElementsInCurrentOnly>
<bounds x="1347" y="622" width="193" height="150"/>
</OView>
<OView class="oracle.dbtools.crest.swingui.logical.TVEntity" oid="1434622F-29F2-4434-D7D2-83F28300C029" otype="Entity" vid="0DBF8D12-6B28-6751-C41D-D88BA815DA8F">
<hideElementsInCurrentOnly>false</hideElementsInCurrentOnly>
<bounds x="757" y="881" width="156" height="69"/>
</OView>
<OView class="oracle.dbtools.crest.swingui.logical.TVEntity" oid="1B08F01D-3FEC-E139-7E9F-53B47BDE05EE" otype="Entity" vid="09B9B82B-8607-5495-F662-3CAFAAD0ED71">
<hideElementsInCurrentOnly>false</hideElementsInCurrentOnly>
<bounds x="1491" y="454" width="141" height="102"/>
</OView>
<OView class="oracle.dbtools.crest.swingui.logical.TVEntity" oid="1C5E363D-9BA8-3C4E-7B34-AF1D041CE7DD" otype="Entity" vid="62AB9F22-9EC7-1271-AB9C-2D75B664BFA3">
<hideElementsInCurrentOnly>false</hideElementsInCurrentOnly>
<bounds x="1489" y="317" width="143" height="109"/>
</OView>
<OView class="oracle.dbtools.crest.swingui.logical.TVEntity" oid="20CEC0DA-453E-24B8-8FE0-CBC5C49627EF" otype="Entity" vid="CEFF74D6-804E-31F9-317E-A676EECFB01F">
<hideElementsInCurrentOnly>false</hideElementsInCurrentOnly>
<bounds x="956" y="531" width="146" height="130"/>
</OView>
<OView class="oracle.dbtools.crest.swingui.logical.TVEntity" oid="210C55C7-2268-2783-8712-01CD47B0D6DE" otype="Entity" vid="BE32C1E4-3D3F-697E-EA3C-02699AFB7D3F">
<hideElementsInCurrentOnly>false</hideElementsInCurrentOnly>
<bounds x="743" y="260" width="125" height="151"/>
</OView>
<OView class="oracle.dbtools.crest.swingui.logical.TVEntity" oid="21508E31-665D-B4C5-B84A-8A33C31EE2B3" otype="Entity" vid="56B212AC-CE8C-2118-4875-6CD5C4C54956">
<hideElementsInCurrentOnly>false</hideElementsInCurrentOnly>
<bounds x="1252" y="159" width="162" height="96"/>
</OView>
<OView class="oracle.dbtools.crest.swingui.logical.TVEntity" oid="2308F277-1259-C81C-5E6F-79EAF15F8409" otype="Entity" vid="83F6618A-80D6-A025-71EB-43FFCE863E75">
<hideElementsInCurrentOnly>false</hideElementsInCurrentOnly>
<bounds x="1256" y="272" width="135" height="78"/>
</OView>
<OView class="oracle.dbtools.crest.swingui.logical.TVEntity" oid="233E2495-D47F-3487-4CC2-B3D6462A0B81" otype="Entity" vid="D88CD95F-7AFF-99EA-6087-213DAD01BF9C">
<hideElementsInCurrentOnly>false</hideElementsInCurrentOnly>
<bounds x="800" y="758" width="130" height="88"/>
</OView>
<OView class="oracle.dbtools.crest.swingui.logical.TVEntity" oid="35CA683A-9A6F-295F-6B29-9073D7AA3710" otype="Entity" vid="6B9E08B8-1333-1D4C-E2BB-A6371F095A45">
<hideElementsInCurrentOnly>false</hideElementsInCurrentOnly>
<bounds x="1345" y="822" width="202" height="99"/>
</OView>
<OView class="oracle.dbtools.crest.swingui.logical.TVEntity" oid="51E5D92A-23A0-823D-8161-F4D3050F52EB" otype="Entity" vid="619F642D-18B5-D3C7-102B-A2009370075B">
<hideElementsInCurrentOnly>false</hideElementsInCurrentOnly>
<bounds x="278" y="127" width="193" height="104"/>
</OView>
<OView class="oracle.dbtools.crest.swingui.logical.TVEntity" oid="59F39D54-E877-255C-494A-6B8419DAA963" otype="Entity" vid="D26A3670-87DE-D11A-C6E3-1586B6ADEC07">
<hideElementsInCurrentOnly>false</hideElementsInCurrentOnly>
<bounds x="730" y="646" width="144" height="63"/>
</OView>
<OView class="oracle.dbtools.crest.swingui.logical.TVEntity" oid="5F7AE731-8C43-1211-7204-58D4B1A10802" otype="Entity" vid="BB0D8627-C53C-12D3-D5A2-9F64F0530A1B">
<hideElementsInCurrentOnly>false</hideElementsInCurrentOnly>
<bounds x="588" y="791" width="159" height="156"/>
</OView>
<OView class="oracle.dbtools.crest.swingui.logical.TVEntity" oid="677DBCCE-88D2-37F0-8546-3E9928A3E1D6" otype="Entity" vid="6B4436EF-1733-C23E-AF10-B5396CC91DF3">
<hideElementsInCurrentOnly>false</hideElementsInCurrentOnly>
<bounds x="1572" y="781" width="154" height="72"/>
</OView>
<OView class="oracle.dbtools.crest.swingui.logical.TVEntity" oid="6AA7AFF5-8B3B-ED70-3189-AC6FFF40DFE9" otype="Entity" vid="919C9BDE-D88E-FE94-E5C7-20BFD240E0EA">
<hideElementsInCurrentOnly>false</hideElementsInCurrentOnly>
<bounds x="1257" y="478" width="182" height="87"/>
</OView>
<OView class="oracle.dbtools.crest.swingui.logical.TVEntity" oid="738DA78A-2A82-9EC4-F8E9-7C28DAD29557" otype="Entity" vid="DCC7BFF8-C75E-5484-B373-7EB11127372F">
<hideElementsInCurrentOnly>false</hideElementsInCurrentOnly>
<bounds x="557" y="261" width="165" height="124"/>
</OView>
<OView class="oracle.dbtools.crest.swingui.logical.TVEntity" oid="796B1722-7D44-79E6-4DD4-81338C5E4676" otype="Entity" vid="0D0AB1EF-204C-898C-ADA1-F82C232FCA3E">
<hideElementsInCurrentOnly>false</hideElementsInCurrentOnly>
<bounds x="1573" y="644" width="152" height="76"/>
</OView>
<OView class="oracle.dbtools.crest.swingui.logical.TVEntity" oid="7C711948-9F00-2B13-54B0-2CE0ABE3740C" otype="Entity" vid="0FD99A63-B8EE-0E17-D7A3-A1CB6269E088">
<hideElementsInCurrentOnly>false</hideElementsInCurrentOnly>
<bounds x="1034" y="142" width="156" height="98"/>
</OView>
<OView class="oracle.dbtools.crest.swingui.logical.TVEntity" oid="7D6F0686-0021-FAB0-F0C7-CE69537D5BC3" otype="Entity" vid="E4A44948-E781-CA7E-42FE-BEF7D1A8F4C0">
<hideElementsInCurrentOnly>false</hideElementsInCurrentOnly>
<bounds x="813" y="131" width="134" height="105"/>
</OView>
<OView class="oracle.dbtools.crest.swingui.logical.TVEntity" oid="88F8CAF7-90FC-9A60-94E8-F751D23F0463" otype="Entity" vid="340B75B2-8CFD-6848-A893-9EDB3628C6B6">
<hideElementsInCurrentOnly>false</hideElementsInCurrentOnly>
<bounds x="355" y="870" width="171" height="68"/>
</OView>
<OView class="oracle.dbtools.crest.swingui.logical.TVEntity" oid="8F7C6719-DEAA-13B3-4909-CE7616A45611" otype="Entity" vid="F09093C1-585A-1CF2-5E9A-0B43D5436436">
<hideElementsInCurrentOnly>false</hideElementsInCurrentOnly>
<bounds x="1129" y="587" width="162" height="99"/>
</OView>
<OView class="oracle.dbtools.crest.swingui.logical.TVEntity" oid="9F406510-9535-9D3D-DFDD-B6C512AAC123" otype="Entity" vid="9D4FCC00-5B85-5831-1F25-8B8BBD5304BE">
<hideElementsInCurrentOnly>false</hideElementsInCurrentOnly>
<bounds x="958" y="247" width="240" height="254"/>
</OView>
<OView class="oracle.dbtools.crest.swingui.logical.TVEntity" oid="AE2177F5-108D-DCBD-B8C0-58E920D1EACE" otype="Entity" vid="07645ED8-2AB2-9F09-6429-CC68B8DB4AC7">
<hideElementsInCurrentOnly>false</hideElementsInCurrentOnly>
<bounds x="447" y="674" width="141" height="77"/>
</OView>
<OView class="oracle.dbtools.crest.swingui.logical.TVEntity" oid="B910060E-93DC-F14D-8C45-58F60D211789" otype="Entity" vid="C02D117C-3431-38AC-4450-FB16B9B0B790">
<hideElementsInCurrentOnly>false</hideElementsInCurrentOnly>
<bounds x="1010" y="750" width="143" height="75"/>
</OView>
<OView class="oracle.dbtools.crest.swingui.logical.TVEntity" oid="C50FA331-3110-835A-6F0B-E0A07A476859" otype="Entity" vid="964453BE-6DDF-8E3C-FA22-CF50B41E798E">
<hideElementsInCurrentOnly>false</hideElementsInCurrentOnly>
<bounds x="1263" y="363" width="173" height="101"/>
</OView>
<OView class="oracle.dbtools.crest.swingui.logical.TVEntity" oid="C94E3EF4-4C08-DC5C-E6BD-34CEB46A6256" otype="Entity" vid="42595299-5941-9AE5-CAE4-DD2C2B9E1947">
<hideElementsInCurrentOnly>false</hideElementsInCurrentOnly>
<bounds x="373" y="469" width="210" height="148"/>
</OView>
<OView class="oracle.dbtools.crest.swingui.logical.TVEntity" oid="CF57D005-9A50-B7C4-34C9-CFF733FCDC7B" otype="Entity" vid="DBCDB3CB-BD67-6A56-3015-9A8D657A5CBC">
<hideElementsInCurrentOnly>false</hideElementsInCurrentOnly>
<bounds x="329" y="250" width="165" height="159"/>
</OView>
<OView class="oracle.dbtools.crest.swingui.logical.TVEntity" oid="E8F6966F-5703-8DDD-37A9-51D5A8782B47" otype="Entity" vid="762092CD-59E1-3EAC-E135-096E7E373EBF">
<hideElementsInCurrentOnly>false</hideElementsInCurrentOnly>
<bounds x="918" y="877" width="167" height="72"/>
</OView>
<OView class="oracle.dbtools.crest.swingui.logical.TVEntity" oid="F21D8B5D-FE57-9AC4-85F2-AC7EB80C8B15" otype="Entity" vid="44160315-8384-8289-C9FC-BE91D57FF981">
<hideElementsInCurrentOnly>false</hideElementsInCurrentOnly>
<bounds x="1157" y="736" width="156" height="92"/>
</OView>
</objectViews>
<connectors>
<Connector class="oracle.dbtools.crest.swingui.logical.TVRelation" oid="0956AC10-A375-DB25-B889-4481B65EBCAB" otype="Relation" vid_source="DCC7BFF8-C75E-5484-B373-7EB11127372F" vid_target="DBCDB3CB-BD67-6A56-3015-9A8D657A5CBC">
<hideElementsInCurrentOnly>false</hideElementsInCurrentOnly>
<backgroundColor>-16777216</backgroundColor>
<lineWidth>1</lineWidth>
<points>
<point x="557" y="323"/>
<point x="494" y="323"/>
</points>
</Connector>
<Connector class="oracle.dbtools.crest.swingui.logical.TVRelation" oid="248A2FDE-3564-4753-5C96-55B46C339A94" otype="Relation" vid_source="964453BE-6DDF-8E3C-FA22-CF50B41E798E" vid_target="9D4FCC00-5B85-5831-1F25-8B8BBD5304BE">
<hideElementsInCurrentOnly>false</hideElementsInCurrentOnly>
<backgroundColor>-16777216</backgroundColor>
<lineWidth>1</lineWidth>
<points>
<point x="1263" y="413"/>
<point x="1198" y="413"/>
</points>
</Connector>
<Connector class="oracle.dbtools.crest.swingui.logical.TVRelation" oid="2B3A75F6-DC4B-70A0-7875-97E917562A84" otype="Relation" vid_source="09B9B82B-8607-5495-F662-3CAFAAD0ED71" vid_target="919C9BDE-D88E-FE94-E5C7-20BFD240E0EA">
<hideElementsInCurrentOnly>false</hideElementsInCurrentOnly>
<backgroundColor>-16777216</backgroundColor>
<lineWidth>1</lineWidth>
<points>
<point x="1491" y="517"/>
<point x="1439" y="517"/>
</points>
</Connector>
<Connector class="oracle.dbtools.crest.swingui.logical.TVRelation" oid="3A64EA77-5174-D79C-7173-7CF153C91CEF" otype="Relation" vid_source="D88CD95F-7AFF-99EA-6087-213DAD01BF9C" vid_target="0DBF8D12-6B28-6751-C41D-D88BA815DA8F">
<hideElementsInCurrentOnly>false</hideElementsInCurrentOnly>
<backgroundColor>-16777216</backgroundColor>
<lineWidth>1</lineWidth>
<points>
<point x="856" y="846"/>
<point x="856" y="881"/>
</points>
</Connector>
<Connector class="oracle.dbtools.crest.swingui.logical.TVRelation" oid="4CE755E8-00A1-B638-C934-F1FDC3427A53" otype="Relation" vid_source="E4A44948-E781-CA7E-42FE-BEF7D1A8F4C0" vid_target="0FD99A63-B8EE-0E17-D7A3-A1CB6269E088">
<hideElementsInCurrentOnly>false</hideElementsInCurrentOnly>
<backgroundColor>-16777216</backgroundColor>
<lineWidth>1</lineWidth>
<points>
<point x="947" y="189"/>
<point x="1034" y="189"/>
</points>
</Connector>
<Connector class="oracle.dbtools.crest.swingui.logical.TVRelation" oid="5F7004DE-F37B-8F53-19C6-C829A0EF7195" otype="Relation" vid_source="07645ED8-2AB2-9F09-6429-CC68B8DB4AC7" vid_target="42595299-5941-9AE5-CAE4-DD2C2B9E1947">
<hideElementsInCurrentOnly>false</hideElementsInCurrentOnly>
<backgroundColor>-16777216</backgroundColor>
<lineWidth>1</lineWidth>
<points>
<point x="515" y="674"/>
<point x="515" y="617"/>
</points>
</Connector>
<Connector class="oracle.dbtools.crest.swingui.logical.TVRelation" oid="6763D97D-060B-EEB6-1C83-CA4E109949EF" otype="Relation" vid_source="D26A3670-87DE-D11A-C6E3-1586B6ADEC07" vid_target="BB0D8627-C53C-12D3-D5A2-9F64F0530A1B">
<hideElementsInCurrentOnly>false</hideElementsInCurrentOnly>
<backgroundColor>-16777216</backgroundColor>
<lineWidth>1</lineWidth>
<points>
<point x="738" y="709"/>
<point x="738" y="791"/>
</points>
</Connector>
<Connector class="oracle.dbtools.crest.swingui.logical.TVRelation" oid="67D78465-B816-96C9-A9B7-8EFC82978E2E" otype="Relation" vid_source="C627D277-1666-0082-574F-390F7E733EF2" vid_target="E4A44948-E781-CA7E-42FE-BEF7D1A8F4C0">
<hideElementsInCurrentOnly>false</hideElementsInCurrentOnly>
<backgroundColor>-16777216</backgroundColor>
<lineWidth>1</lineWidth>
<points>
<point x="767" y="179"/>
<point x="813" y="179"/>
</points>
</Connector>
<Connector class="oracle.dbtools.crest.swingui.logical.TVRelation" oid="6EC3D25F-6211-F61A-7843-FBA357A59C5D" otype="Relation" vid_source="F20A8019-A4EE-FAA7-C3F4-1CE01BD2ED3E" vid_target="9D4FCC00-5B85-5831-1F25-8B8BBD5304BE">
<hideElementsInCurrentOnly>false</hideElementsInCurrentOnly>
<backgroundColor>-16777216</backgroundColor>
<lineWidth>1</lineWidth>
<points>
<point x="915" y="478"/>
<point x="958" y="478"/>
</points>
</Connector>
<Connector class="oracle.dbtools.crest.swingui.logical.TVRelation" oid="7002EF1B-6D1E-944C-E52F-FC16F33462A5" otype="Relation" vid_source="9D4FCC00-5B85-5831-1F25-8B8BBD5304BE" vid_target="CEFF74D6-804E-31F9-317E-A676EECFB01F">
<hideElementsInCurrentOnly>false</hideElementsInCurrentOnly>
<backgroundColor>-16777216</backgroundColor>
<lineWidth>1</lineWidth>
<points>
<point x="1030" y="501"/>
<point x="1030" y="531"/>
</points>
</Connector>
<Connector class="oracle.dbtools.crest.swingui.logical.TVRelation" oid="73199569-50CF-60F7-D795-4ABEAA2A43C8" otype="Relation" vid_source="0D0AB1EF-204C-898C-ADA1-F82C232FCA3E" vid_target="B9D28B80-C4CE-8BB2-2685-3CE30C63B0A6">
<hideElementsInCurrentOnly>false</hideElementsInCurrentOnly>
<backgroundColor>-16777216</backgroundColor>
<lineWidth>1</lineWidth>
<points>
<point x="1573" y="682"/>
<point x="1540" y="682"/>
</points>
</Connector>
<Connector class="oracle.dbtools.crest.swingui.logical.TVRelation" oid="75A3DA68-1DFB-F410-C4EE-9D4DC77CFE99" otype="Relation" vid_source="BB0D8627-C53C-12D3-D5A2-9F64F0530A1B" vid_target="340B75B2-8CFD-6848-A893-9EDB3628C6B6">
<hideElementsInCurrentOnly>false</hideElementsInCurrentOnly>
<backgroundColor>-16777216</backgroundColor>
<lineWidth>1</lineWidth>
<points>
<point x="588" y="904"/>
<point x="526" y="904"/>
</points>
</Connector>
<Connector class="oracle.dbtools.crest.swingui.logical.TVRelation" oid="78BBD255-7CB0-3163-283F-CA9E95852FBA" otype="Relation" vid_source="D26A3670-87DE-D11A-C6E3-1586B6ADEC07" vid_target="C02D117C-3431-38AC-4450-FB16B9B0B790">
<hideElementsInCurrentOnly>false</hideElementsInCurrentOnly>
<backgroundColor>-16777216</backgroundColor>
<lineWidth>1</lineWidth>
<points>
<point x="874" y="705"/>
<point x="1010" y="759"/>
</points>
</Connector>
<Connector class="oracle.dbtools.crest.swingui.logical.TVRelation" oid="85F927E7-C5E8-30BB-0665-E7400D59A5BF" otype="Relation" vid_source="BE32C1E4-3D3F-697E-EA3C-02699AFB7D3F" vid_target="9D4FCC00-5B85-5831-1F25-8B8BBD5304BE">
<hideElementsInCurrentOnly>false</hideElementsInCurrentOnly>
<backgroundColor>-16777216</backgroundColor>
<lineWidth>1</lineWidth>
<points>
<point x="868" y="335"/>
<point x="958" y="335"/>
</points>
</Connector>
<Connector class="oracle.dbtools.crest.swingui.logical.TVRelation" oid="87EFC1BF-0373-1AB4-176F-481C91D383C0" otype="Relation" vid_source="9D4FCC00-5B85-5831-1F25-8B8BBD5304BE" vid_target="919C9BDE-D88E-FE94-E5C7-20BFD240E0EA">
<hideElementsInCurrentOnly>false</hideElementsInCurrentOnly>
<backgroundColor>-16777216</backgroundColor>
<lineWidth>1</lineWidth>
<points>
<point x="1198" y="489"/>
<point x="1257" y="489"/>
</points>
</Connector>
<Connector class="oracle.dbtools.crest.swingui.logical.TVRelation" oid="8945388B-9186-4153-8184-5A72B3396970" otype="Relation" vid_source="61B8944F-4225-71FC-42B8-CDF97EE145E1" vid_target="D26A3670-87DE-D11A-C6E3-1586B6ADEC07">
<hideElementsInCurrentOnly>false</hideElementsInCurrentOnly>
<backgroundColor>-16777216</backgroundColor>
<lineWidth>1</lineWidth>
<points>
<point x="754" y="608"/>
<point x="754" y="646"/>
</points>
</Connector>
<Connector class="oracle.dbtools.crest.swingui.logical.TVRelation" oid="8A900FBD-046B-0F42-538B-454DD73073BC" otype="Relation" vid_source="F09093C1-585A-1CF2-5E9A-0B43D5436436" vid_target="6B9E08B8-1333-1D4C-E2BB-A6371F095A45">
<hideElementsInCurrentOnly>false</hideElementsInCurrentOnly>
<backgroundColor>-16777216</backgroundColor>
<lineWidth>1</lineWidth>
<points>
<point x="1259" y="686"/>
<point x="1396" y="822"/>
</points>
</Connector>
<Connector class="oracle.dbtools.crest.swingui.logical.TVRelation" oid="8AF93C8D-10B8-4821-89B9-F1ED65FCA03A" otype="Relation" vid_source="0AFEB8CE-42B2-48B8-4F48-17CFC581B9FA" vid_target="D88CD95F-7AFF-99EA-6087-213DAD01BF9C">
<hideElementsInCurrentOnly>false</hideElementsInCurrentOnly>
<backgroundColor>-16777216</backgroundColor>
<lineWidth>1</lineWidth>
<points>
<point x="1098" y="869"/>
<point x="930" y="820"/>
</points>
</Connector>
<Connector class="oracle.dbtools.crest.swingui.logical.TVRelation" oid="8B03B924-C508-11EF-FAB5-C6970B4A4ED8" otype="Relation" vid_source="D88CD95F-7AFF-99EA-6087-213DAD01BF9C" vid_target="D26A3670-87DE-D11A-C6E3-1586B6ADEC07">
<hideElementsInCurrentOnly>false</hideElementsInCurrentOnly>
<backgroundColor>-16777216</backgroundColor>
<lineWidth>1</lineWidth>
<points>
<point x="837" y="758"/>
<point x="837" y="709"/>
</points>
</Connector>
<Connector class="oracle.dbtools.crest.swingui.logical.TVRelation" oid="907644A0-C8F7-2983-8B24-1F97124732D0" otype="Relation" vid_source="D26A3670-87DE-D11A-C6E3-1586B6ADEC07" vid_target="F09093C1-585A-1CF2-5E9A-0B43D5436436">
<hideElementsInCurrentOnly>false</hideElementsInCurrentOnly>
<backgroundColor>-16777216</backgroundColor>
<lineWidth>1</lineWidth>
<points>
<point x="874" y="666"/>
<point x="1129" y="666"/>
</points>
</Connector>
<Connector class="oracle.dbtools.crest.swingui.logical.TVRelation" oid="ABD4233E-388D-C100-724A-E9D11C3B59D9" otype="Relation" vid_source="BE32C1E4-3D3F-697E-EA3C-02699AFB7D3F" vid_target="61B8944F-4225-71FC-42B8-CDF97EE145E1">
<hideElementsInCurrentOnly>false</hideElementsInCurrentOnly>
<backgroundColor>-16777216</backgroundColor>
<lineWidth>1</lineWidth>
<points>
<point x="760" y="411"/>
<point x="760" y="469"/>
</points>
</Connector>
<Connector class="oracle.dbtools.crest.swingui.logical.TVRelation" oid="BDBC2FA3-671F-2861-ED9A-E9A50DF07DFA" otype="Relation" vid_source="6B4436EF-1733-C23E-AF10-B5396CC91DF3" vid_target="0D0AB1EF-204C-898C-ADA1-F82C232FCA3E">
<hideElementsInCurrentOnly>false</hideElementsInCurrentOnly>
<backgroundColor>-16777216</backgroundColor>
<lineWidth>1</lineWidth>
<points>
<point x="1649" y="781"/>
<point x="1649" y="720"/>
</points>
</Connector>
<Connector class="oracle.dbtools.crest.swingui.logical.TVRelation" oid="CE39200C-7588-03C0-6FD0-366E27A288DE" otype="Relation" vid_source="9D4FCC00-5B85-5831-1F25-8B8BBD5304BE" vid_target="F09093C1-585A-1CF2-5E9A-0B43D5436436">
<hideElementsInCurrentOnly>false</hideElementsInCurrentOnly>
<backgroundColor>-16777216</backgroundColor>
<lineWidth>1</lineWidth>
<points>
<point x="1163" y="501"/>
<point x="1163" y="587"/>
</points>
</Connector>
<Connector class="oracle.dbtools.crest.swingui.logical.TVRelation" oid="CFE29293-0B3E-A93C-229D-4D257E7EE8D7" otype="Relation" vid_source="762092CD-59E1-3EAC-E135-096E7E373EBF" vid_target="D88CD95F-7AFF-99EA-6087-213DAD01BF9C">
<hideElementsInCurrentOnly>false</hideElementsInCurrentOnly>
<backgroundColor>-16777216</backgroundColor>
<lineWidth>1</lineWidth>
<points>
<point x="924" y="877"/>
<point x="924" y="846"/>
</points>
</Connector>
<Connector class="oracle.dbtools.crest.swingui.logical.TVRelation" oid="D2E68FE0-88CB-8C8F-187C-200A41A0CE77" otype="Relation" vid_source="DCC7BFF8-C75E-5484-B373-7EB11127372F" vid_target="42595299-5941-9AE5-CAE4-DD2C2B9E1947">
<hideElementsInCurrentOnly>false</hideElementsInCurrentOnly>
<backgroundColor>-16777216</backgroundColor>
<lineWidth>1</lineWidth>
<points>
<point x="570" y="385"/>
<point x="570" y="469"/>
</points>
</Connector>
<Connector class="oracle.dbtools.crest.swingui.logical.TVRelation" oid="D6762D6C-DA63-7742-A5AA-BD9D4F5FDFD6" otype="Relation" vid_source="0FD99A63-B8EE-0E17-D7A3-A1CB6269E088" vid_target="56B212AC-CE8C-2118-4875-6CD5C4C54956">
<hideElementsInCurrentOnly>false</hideElementsInCurrentOnly>
<backgroundColor>-16777216</backgroundColor>
<lineWidth>1</lineWidth>
<points>
<point x="1190" y="199"/>
<point x="1252" y="199"/>
</points>
</Connector>
<Connector class="oracle.dbtools.crest.swingui.logical.TVRelation" oid="D789C54F-5F76-F031-C2B8-892F4191ADC8" otype="Relation" vid_source="F09093C1-585A-1CF2-5E9A-0B43D5436436" vid_target="B9D28B80-C4CE-8BB2-2685-3CE30C63B0A6">
<hideElementsInCurrentOnly>false</hideElementsInCurrentOnly>
<backgroundColor>-16777216</backgroundColor>
<lineWidth>1</lineWidth>
<points>
<point x="1291" y="654"/>
<point x="1347" y="654"/>
</points>
</Connector>
<Connector class="oracle.dbtools.crest.swingui.logical.TVRelation" oid="E7C156FF-996F-B94D-6E36-B03146C27EC1" otype="Relation" vid_source="C627D277-1666-0082-574F-390F7E733EF2" vid_target="DBCDB3CB-BD67-6A56-3015-9A8D657A5CBC">
<hideElementsInCurrentOnly>false</hideElementsInCurrentOnly>
<backgroundColor>-16777216</backgroundColor>
<lineWidth>1</lineWidth>
<points>
<point x="567" y="227"/>
<point x="494" y="275"/>
</points>
</Connector>
<Connector class="oracle.dbtools.crest.swingui.logical.TVRelation" oid="E8FBCD8E-64D3-6F62-8E01-ABC5D58D8B15" otype="Relation" vid_source="F09093C1-585A-1CF2-5E9A-0B43D5436436" vid_target="44160315-8384-8289-C9FC-BE91D57FF981">
<hideElementsInCurrentOnly>false</hideElementsInCurrentOnly>
<backgroundColor>-16777216</backgroundColor>
<lineWidth>1</lineWidth>
<points>
<point x="1224" y="686"/>
<point x="1224" y="736"/>
</points>
</Connector>
<Connector class="oracle.dbtools.crest.swingui.logical.TVRelation" oid="F8135A71-8545-3724-CB06-F3C49FD9CC46" otype="Relation" vid_source="42595299-5941-9AE5-CAE4-DD2C2B9E1947" vid_target="BE32C1E4-3D3F-697E-EA3C-02699AFB7D3F">
<hideElementsInCurrentOnly>false</hideElementsInCurrentOnly>
<backgroundColor>-16777216</backgroundColor>
<lineWidth>1</lineWidth>
<points>
<point x="583" y="476"/>
<point x="743" y="375"/>
</points>
</Connector>
<Connector class="oracle.dbtools.crest.swingui.logical.TVRelation" oid="F8A6768E-E67B-04DE-0D36-0A0DB89F1A3B" otype="Relation" vid_source="62AB9F22-9EC7-1271-AB9C-2D75B664BFA3" vid_target="964453BE-6DDF-8E3C-FA22-CF50B41E798E">
<hideElementsInCurrentOnly>false</hideElementsInCurrentOnly>
<backgroundColor>-16777216</backgroundColor>
<lineWidth>1</lineWidth>
<points>
<point x="1489" y="394"/>
<point x="1436" y="394"/>
</points>
</Connector>
<Connector class="oracle.dbtools.crest.swingui.logical.TVRelation" oid="FD966A8B-3697-5571-FCD3-FED538CF4008" otype="Relation" vid_source="619F642D-18B5-D3C7-102B-A2009370075B" vid_target="C627D277-1666-0082-574F-390F7E733EF2">
<hideElementsInCurrentOnly>false</hideElementsInCurrentOnly>
<backgroundColor>-16777216</backgroundColor>
<lineWidth>1</lineWidth>
<points>
<point x="471" y="177"/>
<point x="528" y="177"/>
</points>
</Connector>
<Connector class="oracle.dbtools.crest.swingui.logical.TVRelation" oid="FF6FB6EC-BE18-F319-6826-FF92E36A4A44" otype="Relation" vid_source="9D4FCC00-5B85-5831-1F25-8B8BBD5304BE" vid_target="83F6618A-80D6-A025-71EB-43FFCE863E75">
<hideElementsInCurrentOnly>false</hideElementsInCurrentOnly>
<backgroundColor>-16777216</backgroundColor>
<lineWidth>1</lineWidth>
<points>
<point x="1198" y="311"/>
<point x="1256" y="311"/>
</points>
</Connector>
</connectors>
</Diagram>