<?xml version = '1.0' encoding = 'UTF-8'?>
<Entity class="oracle.dbtools.crest.model.design.logical.Entity" directorySegmentName="seg_0" id="06B9B7C6-032B-7A5A-8A95-B7F44E3CF9F4" name="OrderChannel">
<createdBy>Darek</createdBy>
<createdTime>2023-12-28 13:42:41 UTC</createdTime>
<ownerDesignName>nowawersjabazydanych</ownerDesignName>
<engineerTo>
<item key="881743FA-544B-5FAD-2A23-40DBA5BF150A" value="true"/>
</engineerTo>
<adequatelyNormalized>NO</adequatelyNormalized>
<expectedVolumes>0</expectedVolumes>
<fwdEngineeringStrategyName>Single Table</fwdEngineeringStrategyName>
<growthPercent>0</growthPercent>
<growthType>Year</growthType>
<maxVolumes>9999999</maxVolumes>
<minVolumes>0</minVolumes>
<normalForm>Third</normalForm>
<attributes itemClass="oracle.dbtools.crest.model.design.logical.Attribute">
<Attribute name="ChannelKey" id="1FEB2C59-FFCC-2082-D3E7-36D3A2969C2B">
<createdBy>Darek</createdBy>
<createdTime>2023-12-28 13:43:01 UTC</createdTime>
<ownerDesignName>nowawersjabazydanych</ownerDesignName>
<engineerTo>
<item key="881743FA-544B-5FAD-2A23-40DBA5BF150A" value="true"/>
</engineerTo>
<useDomainConstraints>false</useDomainConstraints>
<use>1</use>
<logicalDatatype>LOGDT019</logicalDatatype>
<dataTypePrecision>2</dataTypePrecision>
<ownDataTypeParameters>,2,</ownDataTypeParameters>
</Attribute>
<Attribute name="ChannelName" id="FBB7D287-D214-2595-4357-D2A90867A22B">
<createdBy>Darek</createdBy>
<createdTime>2023-12-28 13:43:29 UTC</createdTime>
<ownerDesignName>nowawersjabazydanych</ownerDesignName>
<engineerTo>
<item key="881743FA-544B-5FAD-2A23-40DBA5BF150A" value="true"/>
</engineerTo>
<useDomainConstraints>false</useDomainConstraints>
<use>1</use>
<logicalDatatype>LOGDT024</logicalDatatype>
<dataTypeSize>40</dataTypeSize>
<ownDataTypeParameters>40,,</ownDataTypeParameters>
</Attribute>
</attributes>
<identifiers itemClass="oracle.dbtools.crest.model.design.logical.CandidateKey">
<identifier id="E4CF17C2-FE00-C1B4-623E-0410C07175A1" name="OrderChannel PK">
<createdBy>Darek</createdBy>
<createdTime>2023-12-28 13:43:21 UTC</createdTime>
<ownerDesignName>nowawersjabazydanych</ownerDesignName>
<engineerTo>
<item key="881743FA-544B-5FAD-2A23-40DBA5BF150A" value="true"/>
</engineerTo>
<pk>true</pk>
<usedAttributes>
<attributeRef>1FEB2C59-FFCC-2082-D3E7-36D3A2969C2B</attributeRef>
</usedAttributes>
</identifier>
<identifier id="043C1001-ECF9-0D12-3C51-9A58586DDCD3" name="Key_2">
<createdBy>Darek</createdBy>
<createdTime>2023-12-28 13:43:50 UTC</createdTime>
<ownerDesignName>nowawersjabazydanych</ownerDesignName>
<engineerTo>
<item key="881743FA-544B-5FAD-2A23-40DBA5BF150A" value="true"/>
</engineerTo>
<newElementsIDs>FBB7D287-D214-2595-4357-D2A90867A22B</newElementsIDs>
<usedAttributes>
<attributeRef>FBB7D287-D214-2595-4357-D2A90867A22B</attributeRef>
</usedAttributes>
</identifier>
</identifiers>
</Entity>