<?xml version = '1.0' encoding = 'UTF-8'?>
<Entity class="oracle.dbtools.crest.model.design.logical.Entity" directorySegmentName="seg_0" id="0FE4271E-5439-687A-4EAF-DA891D64A1F3" name="Country">
<createdBy>Kuba</createdBy>
<createdTime>2023-11-09 21:36:15 UTC</createdTime>
<ownerDesignName>nowawersjabazydanych</ownerDesignName>
<engineerTo>
<item key="881743FA-544B-5FAD-2A23-40DBA5BF150A" value="true"/>
</engineerTo>
<adequatelyNormalized>NO</adequatelyNormalized>
<expectedVolumes>0</expectedVolumes>
<fwdEngineeringStrategyName>Single Table</fwdEngineeringStrategyName>
<growthPercent>0</growthPercent>
<growthType>Year</growthType>
<maxVolumes>9999999</maxVolumes>
<minVolumes>0</minVolumes>
<normalForm>Third</normalForm>
<attributes itemClass="oracle.dbtools.crest.model.design.logical.Attribute">
<Attribute name="CountryKey" id="92209E2A-5680-01CC-B96D-882CF75713AD">
<createdBy>Kuba</createdBy>
<createdTime>2023-11-09 21:48:33 UTC</createdTime>
<ownerDesignName>nowawersjabazydanych</ownerDesignName>
<engineerTo>
<item key="881743FA-544B-5FAD-2A23-40DBA5BF150A" value="true"/>
</engineerTo>
<useDomainConstraints>false</useDomainConstraints>
<use>1</use>
<logicalDatatype>LOGDT019</logicalDatatype>
<dataTypePrecision>2</dataTypePrecision>
<ownDataTypeParameters>,2,</ownDataTypeParameters>
</Attribute>
<Attribute name="CountryName" id="52898712-7ABB-A193-3281-EF615B1B8B0A">
<createdBy>Kuba</createdBy>
<createdTime>2023-11-09 21:48:39 UTC</createdTime>
<ownerDesignName>nowawersjabazydanych</ownerDesignName>
<engineerTo>
<item key="881743FA-544B-5FAD-2A23-40DBA5BF150A" value="true"/>
</engineerTo>
<useDomainConstraints>false</useDomainConstraints>
<use>1</use>
<logicalDatatype>LOGDT024</logicalDatatype>
<dataTypeSize>50</dataTypeSize>
<ownDataTypeParameters>50,,</ownDataTypeParameters>
</Attribute>
<Attribute name="CountryCode" id="FB68B1DF-A442-8BF3-A90A-9F3DBC5D0268">
<createdBy>Darek</createdBy>
<createdTime>2023-12-16 20:14:05 UTC</createdTime>
<ownerDesignName>nowawersjabazydanych</ownerDesignName>
<engineerTo>
<item key="881743FA-544B-5FAD-2A23-40DBA5BF150A" value="true"/>
</engineerTo>
<useDomainConstraints>false</useDomainConstraints>
<use>1</use>
<logicalDatatype>LOGDT025</logicalDatatype>
<dataTypeSize>2</dataTypeSize>
<ownDataTypeParameters>2,,</ownDataTypeParameters>
</Attribute>
<Attribute name="CountryTax" id="C39CCEF0-FBDA-8C18-5A7E-D37325B4AC09">
<createdBy>Kuba</createdBy>
<createdTime>2023-11-09 21:48:48 UTC</createdTime>
<ownerDesignName>nowawersjabazydanych</ownerDesignName>
<engineerTo>
<item key="881743FA-544B-5FAD-2A23-40DBA5BF150A" value="true"/>
</engineerTo>
<useDomainConstraints>false</useDomainConstraints>
<use>1</use>
<logicalDatatype>LOGDT020</logicalDatatype>
<dataTypePrecision>2</dataTypePrecision>
<ownDataTypeParameters>,2,</ownDataTypeParameters>
</Attribute>
<Attribute name="SalesTerrytoryKey" id="17E747A9-16A0-1FEF-E384-8A79F19828B3">
<createdBy>Darek</createdBy>
<createdTime>2023-12-16 20:11:13 UTC</createdTime>
<generatorID>FD966A8B-3697-5571-FCD3-FED538CF4008</generatorID>
<ownerDesignName>nowawersjabazydanych</ownerDesignName>
<engineerTo>
<item key="881743FA-544B-5FAD-2A23-40DBA5BF150A" value="true"/>
</engineerTo>
<referedAttribute>1B8B8612-29ED-0BC6-0437-401B540A53A1</referedAttribute>
<useDomainConstraints>false</useDomainConstraints>
<use>1</use>
<logicalDatatype>LOGDT019</logicalDatatype>
<dataTypePrecision>5</dataTypePrecision>
<ownDataTypeParameters>,5,</ownDataTypeParameters>
</Attribute>
</attributes>
<identifiers itemClass="oracle.dbtools.crest.model.design.logical.CandidateKey">
<identifier id="CBC663C7-8C70-768B-3B99-7679A41FA3A5" name="Country PK">
<createdBy>Kuba</createdBy>
<createdTime>2023-11-09 22:20:52 UTC</createdTime>
<ownerDesignName>nowawersjabazydanych</ownerDesignName>
<shouldEngineer>false</shouldEngineer>
<engineerTo>
<item key="881743FA-544B-5FAD-2A23-40DBA5BF150A" value="false"/>
</engineerTo>
<pk>true</pk>
<usedAttributes>
<attributeRef>92209E2A-5680-01CC-B96D-882CF75713AD</attributeRef>
</usedAttributes>
</identifier>
<identifier id="630038C0-EA73-F992-9309-9653F5058A07" name="CountryName_UN">
<createdBy>Darek</createdBy>
<createdTime>2023-12-18 18:48:28 UTC</createdTime>
<ownerDesignName>nowawersjabazydanych</ownerDesignName>
<shouldEngineer>false</shouldEngineer>
<engineerTo>
<item key="881743FA-544B-5FAD-2A23-40DBA5BF150A" value="false"/>
</engineerTo>
<newElementsIDs>52898712-7ABB-A193-3281-EF615B1B8B0A</newElementsIDs>
<usedAttributes>
<attributeRef>52898712-7ABB-A193-3281-EF615B1B8B0A</attributeRef>
</usedAttributes>
</identifier>
<identifier id="903D953E-CDCD-D1FD-7EDC-0273177960DB" name="CountryCode_UN">
<createdBy>Darek</createdBy>
<createdTime>2023-12-18 18:48:52 UTC</createdTime>
<ownerDesignName>nowawersjabazydanych</ownerDesignName>
<shouldEngineer>false</shouldEngineer>
<engineerTo>
<item key="881743FA-544B-5FAD-2A23-40DBA5BF150A" value="false"/>
</engineerTo>
<newElementsIDs>FB68B1DF-A442-8BF3-A90A-9F3DBC5D0268</newElementsIDs>
<usedAttributes>
<attributeRef>FB68B1DF-A442-8BF3-A90A-9F3DBC5D0268</attributeRef>
</usedAttributes>
</identifier>
</identifiers>
</Entity>