<?xml version = '1.0' encoding = 'UTF-8'?>
<Entity class="oracle.dbtools.crest.model.design.logical.Entity" directorySegmentName="seg_0" id="13953533-C780-30BF-D073-D11A5151DA23" name="CartContent">
<createdBy>Kuba</createdBy>
<createdTime>2023-11-09 21:37:21 UTC</createdTime>
<ownerDesignName>nowawersjabazydanych</ownerDesignName>
<engineerTo>
<item key="881743FA-544B-5FAD-2A23-40DBA5BF150A" value="true"/>
</engineerTo>
<adequatelyNormalized>NO</adequatelyNormalized>
<expectedVolumes>0</expectedVolumes>
<fwdEngineeringStrategyName>Single Table</fwdEngineeringStrategyName>
<growthPercent>0</growthPercent>
<growthType>Year</growthType>
<maxVolumes>9999999</maxVolumes>
<minVolumes>0</minVolumes>
<normalForm>Third</normalForm>
<attributes itemClass="oracle.dbtools.crest.model.design.logical.Attribute">
<Attribute name="CartKey" id="BECDEBBC-07B1-8FBE-36AD-7EDDC6A2D85D">
<createdBy>Kuba</createdBy>
<createdTime>2023-11-09 22:22:39 UTC</createdTime>
<generatorID>ABD4233E-388D-C100-724A-E9D11C3B59D9</generatorID>
<ownerDesignName>nowawersjabazydanych</ownerDesignName>
<engineerTo>
<item key="881743FA-544B-5FAD-2A23-40DBA5BF150A" value="true"/>
</engineerTo>
<referedAttribute>C32B6C6E-6D49-DFC6-1D69-959C50D5D2CA</referedAttribute>
<useDomainConstraints>false</useDomainConstraints>
<use>1</use>
<logicalDatatype>LOGDT019</logicalDatatype>
<dataTypePrecision>10</dataTypePrecision>
<ownDataTypeParameters>,10,</ownDataTypeParameters>
</Attribute>
<Attribute name="ProductKey" id="18B2A355-B070-6D03-D7EB-795AC2DC32C6">
<createdBy>Kuba</createdBy>
<createdTime>2023-11-09 22:32:46 UTC</createdTime>
<ownerDesignName>nowawersjabazydanych</ownerDesignName>
<engineerTo>
<item key="881743FA-544B-5FAD-2A23-40DBA5BF150A" value="true"/>
</engineerTo>
<useDomainConstraints>false</useDomainConstraints>
<use>1</use>
<logicalDatatype>LOGDT019</logicalDatatype>
<dataTypePrecision>10</dataTypePrecision>
<ownDataTypeParameters>,10,</ownDataTypeParameters>
</Attribute>
<Attribute name="ProductCountity" id="CD0A0D8E-CB86-9816-91D7-C7C3AD919206">
<createdBy>Kuba</createdBy>
<createdTime>2023-11-09 22:33:06 UTC</createdTime>
<ownerDesignName>nowawersjabazydanych</ownerDesignName>
<engineerTo>
<item key="881743FA-544B-5FAD-2A23-40DBA5BF150A" value="true"/>
</engineerTo>
<useDomainConstraints>false</useDomainConstraints>
<use>1</use>
<logicalDatatype>LOGDT019</logicalDatatype>
<dataTypePrecision>3</dataTypePrecision>
<ownDataTypeParameters>,3,</ownDataTypeParameters>
</Attribute>
<Attribute name="ProductKey1" id="5B784DC8-41FC-38CC-BB2F-33C9C12C8D91">
<createdBy>Darek</createdBy>
<createdTime>2023-12-28 16:39:33 UTC</createdTime>
<generatorID>8945388B-9186-4153-8184-5A72B3396970</generatorID>
<ownerDesignName>nowawersjabazydanych</ownerDesignName>
<engineerTo>
<item key="881743FA-544B-5FAD-2A23-40DBA5BF150A" value="true"/>
</engineerTo>
<referedAttribute>86291D7C-85DC-2F67-92D8-A7CFDFD3A874</referedAttribute>
<useDomainConstraints>false</useDomainConstraints>
<use>1</use>
<logicalDatatype>LOGDT019</logicalDatatype>
<dataTypePrecision>10</dataTypePrecision>
<ownDataTypeParameters>,,</ownDataTypeParameters>
</Attribute>
</attributes>
<identifiers itemClass="oracle.dbtools.crest.model.design.logical.CandidateKey">
<identifier id="0158B70D-7FAB-239D-FFA3-64CD6361FAEB" name="Cart_Content_PK">
<createdBy>Kuba</createdBy>
<createdTime>2023-11-09 22:32:59 UTC</createdTime>
<ownerDesignName>nowawersjabazydanych</ownerDesignName>
<shouldEngineer>false</shouldEngineer>
<engineerTo>
<item key="881743FA-544B-5FAD-2A23-40DBA5BF150A" value="false"/>
</engineerTo>
<pk>true</pk>
<usedAttributes>
<attributeRef>18B2A355-B070-6D03-D7EB-795AC2DC32C6</attributeRef>
</usedAttributes>
</identifier>
</identifiers>
</Entity>