<?xml version = '1.0' encoding = 'UTF-8'?>
<Entity class="oracle.dbtools.crest.model.design.logical.Entity" directorySegmentName="seg_0" id="13C7979B-3B16-8D84-6C66-317952EAF0BB" name="ComlpainDetails">
<createdBy>Ania</createdBy>
<createdTime>2023-12-07 12:32:12 UTC</createdTime>
<ownerDesignName>nowawersjabazydanych</ownerDesignName>
<engineerTo>
<item key="881743FA-544B-5FAD-2A23-40DBA5BF150A" value="true"/>
</engineerTo>
<adequatelyNormalized>NO</adequatelyNormalized>
<expectedVolumes>0</expectedVolumes>
<fwdEngineeringStrategyName>Single Table</fwdEngineeringStrategyName>
<growthPercent>0</growthPercent>
<growthType>Year</growthType>
<maxVolumes>9999999</maxVolumes>
<minVolumes>0</minVolumes>
<normalForm>Third</normalForm>
<attributes itemClass="oracle.dbtools.crest.model.design.logical.Attribute">
<Attribute name="ComplaintKey" id="97F43411-38BE-CA54-6E14-E5FEE56B80F1">
<createdBy>Ania</createdBy>
<createdTime>2023-12-07 12:35:30 UTC</createdTime>
<generatorID>73199569-50CF-60F7-D795-4ABEAA2A43C8</generatorID>
<ownerDesignName>nowawersjabazydanych</ownerDesignName>
<engineerTo>
<item key="881743FA-544B-5FAD-2A23-40DBA5BF150A" value="true"/>
</engineerTo>
<referedAttribute>386D5DFE-5FF9-0E39-CECA-CE27B81259CE</referedAttribute>
<useDomainConstraints>false</useDomainConstraints>
<use>1</use>
<logicalDatatype>LOGDT019</logicalDatatype>
<dataTypePrecision>10</dataTypePrecision>
<ownDataTypeParameters>,,</ownDataTypeParameters>
</Attribute>
<Attribute name="ComplainedQuantity" id="9460CB4F-3215-6B47-7B20-AC3C3D788069">
<createdBy>Darek</createdBy>
<createdTime>2023-12-18 19:13:15 UTC</createdTime>
<ownerDesignName>nowawersjabazydanych</ownerDesignName>
<engineerTo>
<item key="881743FA-544B-5FAD-2A23-40DBA5BF150A" value="true"/>
</engineerTo>
<useDomainConstraints>false</useDomainConstraints>
<use>1</use>
<logicalDatatype>LOGDT019</logicalDatatype>
<dataTypePrecision>6</dataTypePrecision>
<ownDataTypeParameters>,6,</ownDataTypeParameters>
</Attribute>
</attributes>
<identifiers itemClass="oracle.dbtools.crest.model.design.logical.CandidateKey">
<identifier id="F5D47049-E3CE-4FCE-16AE-464F3E5CB9E3" name="ComlpainDetails PK">
<createdBy>Darek</createdBy>
<createdTime>2023-12-18 19:12:23 UTC</createdTime>
<ownerDesignName>nowawersjabazydanych</ownerDesignName>
<shouldEngineer>false</shouldEngineer>
<engineerTo>
<item key="881743FA-544B-5FAD-2A23-40DBA5BF150A" value="false"/>
</engineerTo>
<pk>true</pk>
<usedAttributes>
<attributeRef>97F43411-38BE-CA54-6E14-E5FEE56B80F1</attributeRef>
</usedAttributes>
</identifier>
</identifiers>
</Entity>