<?xml version = '1.0' encoding = 'UTF-8'?>
<Entity class="oracle.dbtools.crest.model.design.logical.Entity" directorySegmentName="seg_0" id="1434622F-29F2-4434-D7D2-83F28300C029" name="ProductPhoto">
<createdBy>Kuba</createdBy>
<createdTime>2023-11-09 21:39:08 UTC</createdTime>
<ownerDesignName>nowawersjabazydanych</ownerDesignName>
<engineerTo>
<item key="881743FA-544B-5FAD-2A23-40DBA5BF150A" value="true"/>
</engineerTo>
<adequatelyNormalized>NO</adequatelyNormalized>
<expectedVolumes>0</expectedVolumes>
<fwdEngineeringStrategyName>Single Table</fwdEngineeringStrategyName>
<growthPercent>0</growthPercent>
<growthType>Year</growthType>
<maxVolumes>9999999</maxVolumes>
<minVolumes>0</minVolumes>
<normalForm>Third</normalForm>
<attributes itemClass="oracle.dbtools.crest.model.design.logical.Attribute">
<Attribute name="ProductPhotoKey" id="1A678AEA-16B8-0DA5-0822-DA77EE9DC49B">
<createdBy>Darek</createdBy>
<createdTime>2023-12-16 19:25:57 UTC</createdTime>
<ownerDesignName>nowawersjabazydanych</ownerDesignName>
<engineerTo>
<item key="881743FA-544B-5FAD-2A23-40DBA5BF150A" value="true"/>
</engineerTo>
<useDomainConstraints>false</useDomainConstraints>
<use>1</use>
<logicalDatatype>LOGDT019</logicalDatatype>
<dataTypePrecision>10</dataTypePrecision>
<ownDataTypeParameters>,10,</ownDataTypeParameters>
</Attribute>
<Attribute name="ProductModelKey" id="6E4A6169-8337-3A33-03BE-84C52C6708AF">
<createdBy>Ania</createdBy>
<createdTime>2023-12-19 10:55:26 UTC</createdTime>
<generatorID>3A64EA77-5174-D79C-7173-7CF153C91CEF</generatorID>
<ownerDesignName>nowawersjabazydanych</ownerDesignName>
<engineerTo>
<item key="881743FA-544B-5FAD-2A23-40DBA5BF150A" value="true"/>
</engineerTo>
<referedAttribute>3D06951E-7EC6-591E-4728-F811DBB93784</referedAttribute>
<useDomainConstraints>false</useDomainConstraints>
<use>1</use>
<logicalDatatype>LOGDT019</logicalDatatype>
<dataTypePrecision>10</dataTypePrecision>
<ownDataTypeParameters>,10,</ownDataTypeParameters>
</Attribute>
</attributes>
<identifiers itemClass="oracle.dbtools.crest.model.design.logical.CandidateKey">
<identifier id="FE7D693B-C41F-E712-BC22-01A56167F0EC" name="Product_photo_PK">
<createdBy>Kuba</createdBy>
<createdTime>2023-11-09 22:19:38 UTC</createdTime>
<ownerDesignName>nowawersjabazydanych</ownerDesignName>
<shouldEngineer>false</shouldEngineer>
<engineerTo>
<item key="881743FA-544B-5FAD-2A23-40DBA5BF150A" value="false"/>
</engineerTo>
<pk>true</pk>
<usedAttributes>
<attributeRef>1A678AEA-16B8-0DA5-0822-DA77EE9DC49B</attributeRef>
</usedAttributes>
</identifier>
</identifiers>
</Entity>