<?xml version = '1.0' encoding = 'UTF-8'?>
<Entity class="oracle.dbtools.crest.model.design.logical.Entity" directorySegmentName="seg_0" id="210C55C7-2268-2783-8712-01CD47B0D6DE" name="Cart">
<createdBy>Kuba</createdBy>
<createdTime>2023-11-09 21:37:15 UTC</createdTime>
<ownerDesignName>nowawersjabazydanych</ownerDesignName>
<engineerTo>
<item key="881743FA-544B-5FAD-2A23-40DBA5BF150A" value="true"/>
</engineerTo>
<adequatelyNormalized>NO</adequatelyNormalized>
<expectedVolumes>0</expectedVolumes>
<fwdEngineeringStrategyName>Single Table</fwdEngineeringStrategyName>
<growthPercent>0</growthPercent>
<growthType>Year</growthType>
<maxVolumes>9999999</maxVolumes>
<minVolumes>0</minVolumes>
<normalForm>Third</normalForm>
<attributes itemClass="oracle.dbtools.crest.model.design.logical.Attribute">
<Attribute name="CartKey" id="C32B6C6E-6D49-DFC6-1D69-959C50D5D2CA">
<createdBy>Kuba</createdBy>
<createdTime>2023-11-09 22:22:29 UTC</createdTime>
<ownerDesignName>nowawersjabazydanych</ownerDesignName>
<engineerTo>
<item key="881743FA-544B-5FAD-2A23-40DBA5BF150A" value="true"/>
</engineerTo>
<useDomainConstraints>false</useDomainConstraints>
<use>1</use>
<logicalDatatype>LOGDT019</logicalDatatype>
<dataTypePrecision>10</dataTypePrecision>
<ownDataTypeParameters>,10,</ownDataTypeParameters>
</Attribute>
<Attribute name="TotalValue" id="E0BBA7DC-BA29-1551-9657-CAB25B4DC344">
<createdBy>Kuba</createdBy>
<createdTime>2023-11-09 22:22:55 UTC</createdTime>
<ownerDesignName>nowawersjabazydanych</ownerDesignName>
<engineerTo>
<item key="881743FA-544B-5FAD-2A23-40DBA5BF150A" value="true"/>
</engineerTo>
<useDomainConstraints>false</useDomainConstraints>
<use>1</use>
<logicalDatatype>LOGDT019</logicalDatatype>
<dataTypePrecision>8</dataTypePrecision>
<dataTypeScale>2</dataTypeScale>
<ownDataTypeParameters>,8,2</ownDataTypeParameters>
</Attribute>
<Attribute name="CreationDate" id="6B2C3026-713F-AFA4-B335-22E215ACDB07">
<createdBy>Kuba</createdBy>
<createdTime>2023-11-09 22:22:44 UTC</createdTime>
<ownerDesignName>nowawersjabazydanych</ownerDesignName>
<engineerTo>
<item key="881743FA-544B-5FAD-2A23-40DBA5BF150A" value="true"/>
</engineerTo>
<useDomainConstraints>false</useDomainConstraints>
<use>1</use>
<logicalDatatype>LOGDT007</logicalDatatype>
<ownDataTypeParameters>,,</ownDataTypeParameters>
</Attribute>
<Attribute name="UserKey" id="9495184F-E6B3-B825-97FE-C7F3F7189DB9">
<createdBy>Kuba</createdBy>
<createdTime>2023-11-09 22:18:37 UTC</createdTime>
<generatorID>F8135A71-8545-3724-CB06-F3C49FD9CC46</generatorID>
<ownerDesignName>nowawersjabazydanych</ownerDesignName>
<engineerTo>
<item key="881743FA-544B-5FAD-2A23-40DBA5BF150A" value="true"/>
</engineerTo>
<referedAttribute>062DF97C-3ACA-7C09-1734-B9FB3A994DD4</referedAttribute>
<useDomainConstraints>false</useDomainConstraints>
<use>1</use>
<logicalDatatype>LOGDT019</logicalDatatype>
<dataTypePrecision>10</dataTypePrecision>
<ownDataTypeParameters>,10,</ownDataTypeParameters>
</Attribute>
</attributes>
<identifiers itemClass="oracle.dbtools.crest.model.design.logical.CandidateKey">
<identifier id="E3EC8444-0648-3F5C-7865-8C1D11D41DDC" name="Cart PK">
<createdBy>Kuba</createdBy>
<createdTime>2023-11-09 22:22:38 UTC</createdTime>
<ownerDesignName>nowawersjabazydanych</ownerDesignName>
<shouldEngineer>false</shouldEngineer>
<engineerTo>
<item key="881743FA-544B-5FAD-2A23-40DBA5BF150A" value="false"/>
</engineerTo>
<pk>true</pk>
<usedAttributes>
<attributeRef>C32B6C6E-6D49-DFC6-1D69-959C50D5D2CA</attributeRef>
</usedAttributes>
</identifier>
</identifiers>
</Entity>