<?xml version = '1.0' encoding = 'UTF-8'?>
<Entity class="oracle.dbtools.crest.model.design.logical.Entity" directorySegmentName="seg_0" id="21508E31-665D-B4C5-B84A-8A33C31EE2B3" name="Street">
<createdBy>Kuba</createdBy>
<createdTime>2023-11-09 21:36:43 UTC</createdTime>
<ownerDesignName>nowawersjabazydanych</ownerDesignName>
<engineerTo>
<item key="881743FA-544B-5FAD-2A23-40DBA5BF150A" value="true"/>
</engineerTo>
<adequatelyNormalized>NO</adequatelyNormalized>
<expectedVolumes>0</expectedVolumes>
<fwdEngineeringStrategyName>Single Table</fwdEngineeringStrategyName>
<growthPercent>0</growthPercent>
<growthType>Year</growthType>
<maxVolumes>9999999</maxVolumes>
<minVolumes>0</minVolumes>
<normalForm>Third</normalForm>
<attributes itemClass="oracle.dbtools.crest.model.design.logical.Attribute">
<Attribute name="StreetKey" id="BB7D29BB-35C2-FD63-FA63-7367F1A199F0">
<createdBy>Kuba</createdBy>
<createdTime>2023-11-09 21:49:57 UTC</createdTime>
<ownerDesignName>nowawersjabazydanych</ownerDesignName>
<engineerTo>
<item key="881743FA-544B-5FAD-2A23-40DBA5BF150A" value="true"/>
</engineerTo>
<useDomainConstraints>false</useDomainConstraints>
<use>1</use>
<logicalDatatype>LOGDT019</logicalDatatype>
<dataTypePrecision>10</dataTypePrecision>
<ownDataTypeParameters>,10,</ownDataTypeParameters>
</Attribute>
<Attribute name="StreetName" id="1FE82491-DE6E-0FAE-BDEA-7C9978551511">
<createdBy>Kuba</createdBy>
<createdTime>2023-11-09 21:50:03 UTC</createdTime>
<ownerDesignName>nowawersjabazydanych</ownerDesignName>
<engineerTo>
<item key="881743FA-544B-5FAD-2A23-40DBA5BF150A" value="true"/>
</engineerTo>
<useDomainConstraints>false</useDomainConstraints>
<use>1</use>
<logicalDatatype>LOGDT024</logicalDatatype>
<dataTypeSize>50</dataTypeSize>
<ownDataTypeParameters>50,,</ownDataTypeParameters>
</Attribute>
<Attribute name="ZipCode" id="C0B3601A-52C2-2817-4CC4-00E18EAD5533">
<createdBy>Kuba</createdBy>
<createdTime>2023-11-09 21:50:08 UTC</createdTime>
<ownerDesignName>nowawersjabazydanych</ownerDesignName>
<engineerTo>
<item key="881743FA-544B-5FAD-2A23-40DBA5BF150A" value="true"/>
</engineerTo>
<useDomainConstraints>false</useDomainConstraints>
<use>1</use>
<logicalDatatype>LOGDT025</logicalDatatype>
<dataTypeSize>5</dataTypeSize>
<ownDataTypeParameters>5,,</ownDataTypeParameters>
</Attribute>
<Attribute name="CityKey" id="AB4843DF-8080-60D5-CB04-7DD5830EAC8A">
<createdBy>Kuba</createdBy>
<createdTime>2023-11-09 22:20:44 UTC</createdTime>
<generatorID>D6762D6C-DA63-7742-A5AA-BD9D4F5FDFD6</generatorID>
<ownerDesignName>nowawersjabazydanych</ownerDesignName>
<engineerTo>
<item key="881743FA-544B-5FAD-2A23-40DBA5BF150A" value="true"/>
</engineerTo>
<referedAttribute>20868FDA-767D-78D1-FCD4-2EC2E095FF13</referedAttribute>
<useDomainConstraints>false</useDomainConstraints>
<use>1</use>
<logicalDatatype>LOGDT019</logicalDatatype>
<dataTypePrecision>6</dataTypePrecision>
<ownDataTypeParameters>,6,</ownDataTypeParameters>
</Attribute>
</attributes>
<identifiers itemClass="oracle.dbtools.crest.model.design.logical.CandidateKey">
<identifier id="E2DFE278-1641-DB3D-9EBB-17A454D8C91E" name="Street PK">
<createdBy>Kuba</createdBy>
<createdTime>2023-11-09 22:20:36 UTC</createdTime>
<ownerDesignName>nowawersjabazydanych</ownerDesignName>
<shouldEngineer>false</shouldEngineer>
<engineerTo>
<item key="881743FA-544B-5FAD-2A23-40DBA5BF150A" value="false"/>
</engineerTo>
<pk>true</pk>
<usedAttributes>
<attributeRef>BB7D29BB-35C2-FD63-FA63-7367F1A199F0</attributeRef>
</usedAttributes>
</identifier>
<identifier id="140297C9-DCA6-897A-9651-4708D65F9D9F" name="Street_StreetName_UN">
<createdBy>Darek</createdBy>
<createdTime>2023-12-18 18:50:26 UTC</createdTime>
<ownerDesignName>nowawersjabazydanych</ownerDesignName>
<shouldEngineer>false</shouldEngineer>
<engineerTo>
<item key="881743FA-544B-5FAD-2A23-40DBA5BF150A" value="false"/>
</engineerTo>
<newElementsIDs>1FE82491-DE6E-0FAE-BDEA-7C9978551511</newElementsIDs>
<usedAttributes>
<attributeRef>1FE82491-DE6E-0FAE-BDEA-7C9978551511</attributeRef>
</usedAttributes>
</identifier>
</identifiers>
</Entity>