<?xml version = '1.0' encoding = 'UTF-8'?>
<Entity class="oracle.dbtools.crest.model.design.logical.Entity" directorySegmentName="seg_0" id="233E2495-D47F-3487-4CC2-B3D6462A0B81" name="ProductModel">
<createdBy>Ania</createdBy>
<createdTime>2023-12-19 10:48:34 UTC</createdTime>
<ownerDesignName>nowawersjabazydanych</ownerDesignName>
<engineerTo>
<item key="881743FA-544B-5FAD-2A23-40DBA5BF150A" value="true"/>
</engineerTo>
<adequatelyNormalized>NO</adequatelyNormalized>
<expectedVolumes>0</expectedVolumes>
<fwdEngineeringStrategyName>Single Table</fwdEngineeringStrategyName>
<growthPercent>0</growthPercent>
<growthType>Year</growthType>
<maxVolumes>9999999</maxVolumes>
<minVolumes>0</minVolumes>
<normalForm>Third</normalForm>
<attributes itemClass="oracle.dbtools.crest.model.design.logical.Attribute">
<Attribute name="ProductModelKey" id="3D06951E-7EC6-591E-4728-F811DBB93784">
<createdBy>Ania</createdBy>
<createdTime>2023-12-19 10:52:50 UTC</createdTime>
<ownerDesignName>nowawersjabazydanych</ownerDesignName>
<engineerTo>
<item key="881743FA-544B-5FAD-2A23-40DBA5BF150A" value="true"/>
</engineerTo>
<useDomainConstraints>false</useDomainConstraints>
<use>1</use>
<logicalDatatype>LOGDT019</logicalDatatype>
<dataTypePrecision>10</dataTypePrecision>
<ownDataTypeParameters>,10,</ownDataTypeParameters>
</Attribute>
<Attribute name="ProductModelName" id="35E230B2-A6D3-813D-B417-75A09121BE8C">
<createdBy>Ania</createdBy>
<createdTime>2023-12-19 10:52:58 UTC</createdTime>
<ownerDesignName>nowawersjabazydanych</ownerDesignName>
<engineerTo>
<item key="881743FA-544B-5FAD-2A23-40DBA5BF150A" value="true"/>
</engineerTo>
<useDomainConstraints>false</useDomainConstraints>
<use>1</use>
<logicalDatatype>LOGDT024</logicalDatatype>
<dataTypeSize>40</dataTypeSize>
<ownDataTypeParameters>40,,</ownDataTypeParameters>
</Attribute>
<Attribute name="ProductDescription" id="CEAB6249-29C5-9886-8FEC-6D9FEAA8D3DF">
<createdBy>Ania</createdBy>
<createdTime>2023-12-19 10:51:28 UTC</createdTime>
<ownerDesignName>nowawersjabazydanych</ownerDesignName>
<engineerTo>
<item key="881743FA-544B-5FAD-2A23-40DBA5BF150A" value="true"/>
</engineerTo>
<useDomainConstraints>false</useDomainConstraints>
<use>1</use>
<logicalDatatype>LOGDT024</logicalDatatype>
<dataTypeSize>1000</dataTypeSize>
<ownDataTypeParameters>1000,,</ownDataTypeParameters>
</Attribute>
<Attribute name="ProductColorKey" id="C804E5E7-6F45-D261-D797-0A68B0BAC7AC">
<createdBy>Ania</createdBy>
<createdTime>2023-12-19 10:51:00 UTC</createdTime>
<generatorID>CFE29293-0B3E-A93C-229D-4D257E7EE8D7</generatorID>
<ownerDesignName>nowawersjabazydanych</ownerDesignName>
<engineerTo>
<item key="881743FA-544B-5FAD-2A23-40DBA5BF150A" value="true"/>
</engineerTo>
<referedAttribute>885EF32F-5805-D16B-BCFF-F5909E41D411</referedAttribute>
<useDomainConstraints>false</useDomainConstraints>
<use>1</use>
<logicalDatatype>LOGDT019</logicalDatatype>
<dataTypePrecision>3</dataTypePrecision>
<ownDataTypeParameters>,3,</ownDataTypeParameters>
</Attribute>
<Attribute name="ModelSize" id="E22E143F-A096-013E-D4BE-96643DDC0680">
<createdBy>Ania</createdBy>
<createdTime>2023-12-19 10:56:44 UTC</createdTime>
<ownerDesignName>nowawersjabazydanych</ownerDesignName>
<engineerTo>
<item key="881743FA-544B-5FAD-2A23-40DBA5BF150A" value="true"/>
</engineerTo>
<useDomainConstraints>false</useDomainConstraints>
<use>1</use>
<logicalDatatype>LOGDT019</logicalDatatype>
<dataTypePrecision>2</dataTypePrecision>
<ownDataTypeParameters>,2,</ownDataTypeParameters>
</Attribute>
<Attribute name="ProductKey" id="17D21433-EE32-1DFD-BDA4-70230B79F968">
<createdBy>Darek</createdBy>
<createdTime>2023-12-28 16:39:59 UTC</createdTime>
<generatorID>8B03B924-C508-11EF-FAB5-C6970B4A4ED8</generatorID>
<ownerDesignName>nowawersjabazydanych</ownerDesignName>
<engineerTo>
<item key="881743FA-544B-5FAD-2A23-40DBA5BF150A" value="true"/>
</engineerTo>
<referedAttribute>86291D7C-85DC-2F67-92D8-A7CFDFD3A874</referedAttribute>
<useDomainConstraints>false</useDomainConstraints>
<use>1</use>
<logicalDatatype>LOGDT019</logicalDatatype>
<dataTypePrecision>10</dataTypePrecision>
<ownDataTypeParameters>,,</ownDataTypeParameters>
</Attribute>
</attributes>
<identifiers itemClass="oracle.dbtools.crest.model.design.logical.CandidateKey">
<identifier id="BC5B15B6-50EC-391C-4178-269708B83080" name="ProductModel PK">
<createdBy>Ania</createdBy>
<createdTime>2023-12-19 10:53:36 UTC</createdTime>
<ownerDesignName>nowawersjabazydanych</ownerDesignName>
<shouldEngineer>false</shouldEngineer>
<engineerTo>
<item key="881743FA-544B-5FAD-2A23-40DBA5BF150A" value="false"/>
</engineerTo>
<pk>true</pk>
<usedAttributes>
<attributeRef>3D06951E-7EC6-591E-4728-F811DBB93784</attributeRef>
</usedAttributes>
</identifier>
</identifiers>
</Entity>