<?xml version = '1.0' encoding = 'UTF-8'?>
<Entity class="oracle.dbtools.crest.model.design.logical.Entity" directorySegmentName="seg_0" id="51E5D92A-23A0-823D-8161-F4D3050F52EB" name="SalesTerritory">
<createdBy>Darek</createdBy>
<createdTime>2023-12-16 20:02:37 UTC</createdTime>
<ownerDesignName>nowawersjabazydanych</ownerDesignName>
<engineerTo>
<item key="881743FA-544B-5FAD-2A23-40DBA5BF150A" value="true"/>
</engineerTo>
<adequatelyNormalized>NO</adequatelyNormalized>
<expectedVolumes>0</expectedVolumes>
<fwdEngineeringStrategyName>Single Table</fwdEngineeringStrategyName>
<growthPercent>0</growthPercent>
<growthType>Year</growthType>
<maxVolumes>9999999</maxVolumes>
<minVolumes>0</minVolumes>
<normalForm>Third</normalForm>
<attributes itemClass="oracle.dbtools.crest.model.design.logical.Attribute">
<Attribute name="SalesTerrytoryKey" id="1B8B8612-29ED-0BC6-0437-401B540A53A1">
<createdBy>Darek</createdBy>
<createdTime>2023-12-16 20:02:57 UTC</createdTime>
<ownerDesignName>nowawersjabazydanych</ownerDesignName>
<engineerTo>
<item key="881743FA-544B-5FAD-2A23-40DBA5BF150A" value="true"/>
</engineerTo>
<useDomainConstraints>false</useDomainConstraints>
<use>1</use>
<logicalDatatype>LOGDT019</logicalDatatype>
<dataTypePrecision>5</dataTypePrecision>
<ownDataTypeParameters>,5,</ownDataTypeParameters>
</Attribute>
<Attribute name="SalesTerrytoryName" id="09DF470F-E36A-B59B-DF02-F8AD5D83ADAC">
<createdBy>Darek</createdBy>
<createdTime>2023-12-16 20:03:30 UTC</createdTime>
<ownerDesignName>nowawersjabazydanych</ownerDesignName>
<engineerTo>
<item key="881743FA-544B-5FAD-2A23-40DBA5BF150A" value="true"/>
</engineerTo>
<useDomainConstraints>false</useDomainConstraints>
<use>1</use>
<logicalDatatype>LOGDT024</logicalDatatype>
<dataTypeSize>40</dataTypeSize>
<ownDataTypeParameters>40,,</ownDataTypeParameters>
</Attribute>
</attributes>
<identifiers itemClass="oracle.dbtools.crest.model.design.logical.CandidateKey">
<identifier id="BBEF513F-722F-D2E1-CA5A-B81B9E07A129" name="SalesTerritory PK">
<createdBy>Darek</createdBy>
<createdTime>2023-12-16 20:03:13 UTC</createdTime>
<ownerDesignName>nowawersjabazydanych</ownerDesignName>
<shouldEngineer>false</shouldEngineer>
<engineerTo>
<item key="881743FA-544B-5FAD-2A23-40DBA5BF150A" value="false"/>
</engineerTo>
<pk>true</pk>
<usedAttributes>
<attributeRef>1B8B8612-29ED-0BC6-0437-401B540A53A1</attributeRef>
</usedAttributes>
</identifier>
<identifier id="09CDF625-071A-15F8-FB3D-13BEB107B777" name="SalesTerrytoryName_UN">
<createdBy>Darek</createdBy>
<createdTime>2023-12-18 18:43:52 UTC</createdTime>
<ownerDesignName>nowawersjabazydanych</ownerDesignName>
<shouldEngineer>false</shouldEngineer>
<engineerTo>
<item key="881743FA-544B-5FAD-2A23-40DBA5BF150A" value="false"/>
</engineerTo>
<newElementsIDs>09DF470F-E36A-B59B-DF02-F8AD5D83ADAC</newElementsIDs>
<usedAttributes>
<attributeRef>09DF470F-E36A-B59B-DF02-F8AD5D83ADAC</attributeRef>
</usedAttributes>
</identifier>
</identifiers>
</Entity>