<?xml version = '1.0' encoding = 'UTF-8'?>
<Entity class="oracle.dbtools.crest.model.design.logical.Entity" directorySegmentName="seg_0" id="59F39D54-E877-255C-494A-6B8419DAA963" name="Product">
<createdBy>Kuba</createdBy>
<createdTime>2023-11-09 21:37:38 UTC</createdTime>
<ownerDesignName>nowawersjabazydanych</ownerDesignName>
<engineerTo>
<item key="881743FA-544B-5FAD-2A23-40DBA5BF150A" value="true"/>
</engineerTo>
<adequatelyNormalized>NO</adequatelyNormalized>
<expectedVolumes>0</expectedVolumes>
<fwdEngineeringStrategyName>Single Table</fwdEngineeringStrategyName>
<growthPercent>0</growthPercent>
<growthType>Year</growthType>
<maxVolumes>9999999</maxVolumes>
<minVolumes>0</minVolumes>
<normalForm>Third</normalForm>
<attributes itemClass="oracle.dbtools.crest.model.design.logical.Attribute">
<Attribute name="ProductKey" id="86291D7C-85DC-2F67-92D8-A7CFDFD3A874">
<createdBy>Kuba</createdBy>
<createdTime>2023-11-09 21:54:57 UTC</createdTime>
<ownerDesignName>nowawersjabazydanych</ownerDesignName>
<engineerTo>
<item key="881743FA-544B-5FAD-2A23-40DBA5BF150A" value="true"/>
</engineerTo>
<useDomainConstraints>false</useDomainConstraints>
<use>1</use>
<logicalDatatype>LOGDT019</logicalDatatype>
<dataTypePrecision>10</dataTypePrecision>
<ownDataTypeParameters>,10,</ownDataTypeParameters>
</Attribute>
<Attribute name="ProductName" id="C5FE8A2F-23B6-3F35-E413-C75DACC1AD7A">
<createdBy>Kuba</createdBy>
<createdTime>2023-11-09 21:55:03 UTC</createdTime>
<ownerDesignName>nowawersjabazydanych</ownerDesignName>
<engineerTo>
<item key="881743FA-544B-5FAD-2A23-40DBA5BF150A" value="true"/>
</engineerTo>
<useDomainConstraints>false</useDomainConstraints>
<use>1</use>
<logicalDatatype>LOGDT024</logicalDatatype>
<dataTypeSize>50</dataTypeSize>
<ownDataTypeParameters>50,,</ownDataTypeParameters>
</Attribute>
<Attribute name="ProductSubcategoryKey" id="8324217A-20D2-4EC2-AAFD-B1EFB7C95EBC">
<createdBy>Ania</createdBy>
<createdTime>2023-12-07 11:13:14 UTC</createdTime>
<generatorID>6763D97D-060B-EEB6-1C83-CA4E109949EF</generatorID>
<ownerDesignName>nowawersjabazydanych</ownerDesignName>
<engineerTo>
<item key="881743FA-544B-5FAD-2A23-40DBA5BF150A" value="true"/>
</engineerTo>
<referedAttribute>BFE632C8-550C-B088-212C-8C7A4890C0AD</referedAttribute>
<useDomainConstraints>false</useDomainConstraints>
<use>1</use>
<logicalDatatype>LOGDT019</logicalDatatype>
<dataTypePrecision>2</dataTypePrecision>
<ownDataTypeParameters>,2,</ownDataTypeParameters>
</Attribute>
<Attribute name="ProductBrandKey" id="8DA3793B-6876-7C7B-AA9B-8AA2B9E0A2D1">
<createdBy>Darek</createdBy>
<createdTime>2023-12-21 22:51:35 UTC</createdTime>
<generatorID>78BBD255-7CB0-3163-283F-CA9E95852FBA</generatorID>
<ownerDesignName>nowawersjabazydanych</ownerDesignName>
<engineerTo>
<item key="881743FA-544B-5FAD-2A23-40DBA5BF150A" value="true"/>
</engineerTo>
<referedAttribute>A748B138-7CDB-1C71-3124-ED991D9DAE40</referedAttribute>
<useDomainConstraints>false</useDomainConstraints>
<use>1</use>
<logicalDatatype>LOGDT019</logicalDatatype>
<dataTypePrecision>5</dataTypePrecision>
<ownDataTypeParameters>,5,</ownDataTypeParameters>
</Attribute>
</attributes>
<identifiers itemClass="oracle.dbtools.crest.model.design.logical.CandidateKey">
<identifier id="B832765C-9239-7A43-0B39-5632C9118C59" name="Product PK">
<createdBy>Kuba</createdBy>
<createdTime>2023-11-10 11:35:21 UTC</createdTime>
<ownerDesignName>nowawersjabazydanych</ownerDesignName>
<shouldEngineer>false</shouldEngineer>
<engineerTo>
<item key="881743FA-544B-5FAD-2A23-40DBA5BF150A" value="false"/>
</engineerTo>
<pk>true</pk>
<usedAttributes>
<attributeRef>86291D7C-85DC-2F67-92D8-A7CFDFD3A874</attributeRef>
</usedAttributes>
</identifier>
</identifiers>
</Entity>