<?xml version = '1.0' encoding = 'UTF-8'?>
<Entity class="oracle.dbtools.crest.model.design.logical.Entity" directorySegmentName="seg_0" id="6AA7AFF5-8B3B-ED70-3189-AC6FFF40DFE9" name="OrderStatusHistory">
<createdBy>Kuba</createdBy>
<createdTime>2023-11-24 13:41:35 UTC</createdTime>
<ownerDesignName>nowawersjabazydanych</ownerDesignName>
<engineerTo>
<item key="881743FA-544B-5FAD-2A23-40DBA5BF150A" value="true"/>
</engineerTo>
<adequatelyNormalized>NO</adequatelyNormalized>
<expectedVolumes>0</expectedVolumes>
<fwdEngineeringStrategyName>Single Table</fwdEngineeringStrategyName>
<growthPercent>0</growthPercent>
<growthType>Year</growthType>
<maxVolumes>9999999</maxVolumes>
<minVolumes>0</minVolumes>
<normalForm>Third</normalForm>
<attributes itemClass="oracle.dbtools.crest.model.design.logical.Attribute">
<Attribute name="OrderStatusHistoryKey" id="C17D24B5-9D45-13B9-4C0A-5DF1980B6AAD">
<createdBy>Darek</createdBy>
<createdTime>2023-12-18 19:36:58 UTC</createdTime>
<ownerDesignName>nowawersjabazydanych</ownerDesignName>
<engineerTo>
<item key="881743FA-544B-5FAD-2A23-40DBA5BF150A" value="true"/>
</engineerTo>
<useDomainConstraints>false</useDomainConstraints>
<use>1</use>
<logicalDatatype>LOGDT019</logicalDatatype>
<dataTypePrecision>10</dataTypePrecision>
<ownDataTypeParameters>,10,</ownDataTypeParameters>
</Attribute>
<Attribute name="OrderKey" id="C4AF95C4-6AD6-6D54-08EE-D67F66B63AF0">
<createdBy>Kuba</createdBy>
<createdTime>2023-11-24 13:42:30 UTC</createdTime>
<generatorID>87EFC1BF-0373-1AB4-176F-481C91D383C0</generatorID>
<ownerDesignName>nowawersjabazydanych</ownerDesignName>
<engineerTo>
<item key="881743FA-544B-5FAD-2A23-40DBA5BF150A" value="true"/>
</engineerTo>
<referedAttribute>E37753ED-A6B9-0315-9F9B-61C100D09D84</referedAttribute>
<useDomainConstraints>false</useDomainConstraints>
<use>1</use>
<logicalDatatype>LOGDT019</logicalDatatype>
<dataTypePrecision>10</dataTypePrecision>
<ownDataTypeParameters>,10,</ownDataTypeParameters>
</Attribute>
<Attribute name="OrderStatusKey" id="F6E34E4C-B22C-148B-0EDA-8E7988FA634A">
<createdBy>Kuba</createdBy>
<createdTime>2023-11-24 13:45:33 UTC</createdTime>
<generatorID>2B3A75F6-DC4B-70A0-7875-97E917562A84</generatorID>
<ownerDesignName>nowawersjabazydanych</ownerDesignName>
<engineerTo>
<item key="881743FA-544B-5FAD-2A23-40DBA5BF150A" value="true"/>
</engineerTo>
<referedAttribute>D351BCAE-3392-3892-17F5-E8D86DF17753</referedAttribute>
<useDomainConstraints>false</useDomainConstraints>
<use>1</use>
<logicalDatatype>LOGDT019</logicalDatatype>
<dataTypePrecision>2</dataTypePrecision>
<ownDataTypeParameters>,2,</ownDataTypeParameters>
</Attribute>
<Attribute name="OrderStatusStartD" id="4986D8E8-197C-FC6A-2800-607EE5C0B73A">
<createdBy>Ania</createdBy>
<createdTime>2023-12-19 10:47:13 UTC</createdTime>
<ownerDesignName>nowawersjabazydanych</ownerDesignName>
<engineerTo>
<item key="881743FA-544B-5FAD-2A23-40DBA5BF150A" value="true"/>
</engineerTo>
<useDomainConstraints>false</useDomainConstraints>
<use>1</use>
<logicalDatatype>LOGDT007</logicalDatatype>
<ownDataTypeParameters>,,</ownDataTypeParameters>
</Attribute>
<Attribute name="OrderStatusEndD" id="01AA258D-BC32-7D55-A5A1-239866BBEC2E">
<createdBy>Ania</createdBy>
<createdTime>2023-12-19 10:47:27 UTC</createdTime>
<ownerDesignName>nowawersjabazydanych</ownerDesignName>
<engineerTo>
<item key="881743FA-544B-5FAD-2A23-40DBA5BF150A" value="true"/>
</engineerTo>
<useDomainConstraints>false</useDomainConstraints>
<use>1</use>
<logicalDatatype>LOGDT007</logicalDatatype>
<ownDataTypeParameters>,,</ownDataTypeParameters>
</Attribute>
</attributes>
<identifiers itemClass="oracle.dbtools.crest.model.design.logical.CandidateKey">
<identifier id="E177CD28-28E8-33C7-D145-9A5EA59B5924" name="Orders_Status_History_PK">
<createdBy>Darek</createdBy>
<createdTime>2023-12-18 19:37:52 UTC</createdTime>
<ownerDesignName>nowawersjabazydanych</ownerDesignName>
<shouldEngineer>false</shouldEngineer>
<engineerTo>
<item key="881743FA-544B-5FAD-2A23-40DBA5BF150A" value="false"/>
</engineerTo>
<pk>true</pk>
<usedAttributes>
<attributeRef>C17D24B5-9D45-13B9-4C0A-5DF1980B6AAD</attributeRef>
</usedAttributes>
</identifier>
</identifiers>
</Entity>