<?xml version = '1.0' encoding = 'UTF-8'?>
<Entity class="oracle.dbtools.crest.model.design.logical.Entity" directorySegmentName="seg_0" id="7C711948-9F00-2B13-54B0-2CE0ABE3740C" name="City">
<createdBy>Kuba</createdBy>
<createdTime>2023-11-09 21:36:26 UTC</createdTime>
<ownerDesignName>nowawersjabazydanych</ownerDesignName>
<engineerTo>
<item key="881743FA-544B-5FAD-2A23-40DBA5BF150A" value="true"/>
</engineerTo>
<adequatelyNormalized>NO</adequatelyNormalized>
<expectedVolumes>0</expectedVolumes>
<fwdEngineeringStrategyName>Single Table</fwdEngineeringStrategyName>
<growthPercent>0</growthPercent>
<growthType>Year</growthType>
<maxVolumes>9999999</maxVolumes>
<minVolumes>0</minVolumes>
<normalForm>Third</normalForm>
<attributes itemClass="oracle.dbtools.crest.model.design.logical.Attribute">
<Attribute name="CityKey" id="20868FDA-767D-78D1-FCD4-2EC2E095FF13">
<createdBy>Kuba</createdBy>
<createdTime>2023-11-09 21:50:26 UTC</createdTime>
<ownerDesignName>nowawersjabazydanych</ownerDesignName>
<engineerTo>
<item key="881743FA-544B-5FAD-2A23-40DBA5BF150A" value="true"/>
</engineerTo>
<useDomainConstraints>false</useDomainConstraints>
<use>1</use>
<logicalDatatype>LOGDT019</logicalDatatype>
<dataTypePrecision>6</dataTypePrecision>
<ownDataTypeParameters>,6,</ownDataTypeParameters>
</Attribute>
<Attribute name="CityName" id="97E0D756-0C7E-C8FA-2267-85BBD1C74CA0">
<createdBy>Kuba</createdBy>
<createdTime>2023-11-09 21:50:29 UTC</createdTime>
<ownerDesignName>nowawersjabazydanych</ownerDesignName>
<engineerTo>
<item key="881743FA-544B-5FAD-2A23-40DBA5BF150A" value="true"/>
</engineerTo>
<useDomainConstraints>false</useDomainConstraints>
<use>1</use>
<logicalDatatype>LOGDT024</logicalDatatype>
<dataTypeSize>50</dataTypeSize>
<ownDataTypeParameters>50,,</ownDataTypeParameters>
</Attribute>
<Attribute name="StateKey" id="EB877B36-1AFF-E8E8-90A4-CF218C82E990">
<createdBy>Kuba</createdBy>
<createdTime>2023-11-09 22:20:49 UTC</createdTime>
<generatorID>4CE755E8-00A1-B638-C934-F1FDC3427A53</generatorID>
<ownerDesignName>nowawersjabazydanych</ownerDesignName>
<engineerTo>
<item key="881743FA-544B-5FAD-2A23-40DBA5BF150A" value="true"/>
</engineerTo>
<nullsAllowed>true</nullsAllowed>
<referedAttribute>2FCB6363-3CB1-D3B8-7BAD-368AD859B23B</referedAttribute>
<useDomainConstraints>false</useDomainConstraints>
<use>1</use>
<logicalDatatype>LOGDT019</logicalDatatype>
<dataTypePrecision>5</dataTypePrecision>
<ownDataTypeParameters>,5,</ownDataTypeParameters>
</Attribute>
</attributes>
<identifiers itemClass="oracle.dbtools.crest.model.design.logical.CandidateKey">
<identifier id="E9D83E9E-E8B4-4B81-0564-D6534ED4F580" name="City PK">
<createdBy>Kuba</createdBy>
<createdTime>2023-11-09 22:20:42 UTC</createdTime>
<ownerDesignName>nowawersjabazydanych</ownerDesignName>
<shouldEngineer>false</shouldEngineer>
<engineerTo>
<item key="881743FA-544B-5FAD-2A23-40DBA5BF150A" value="false"/>
</engineerTo>
<pk>true</pk>
<usedAttributes>
<attributeRef>20868FDA-767D-78D1-FCD4-2EC2E095FF13</attributeRef>
</usedAttributes>
</identifier>
<identifier id="9963E341-88D8-3E39-7B43-A5CADC7CC16B" name="City_CityName_UN">
<createdBy>Darek</createdBy>
<createdTime>2023-12-18 18:49:49 UTC</createdTime>
<ownerDesignName>nowawersjabazydanych</ownerDesignName>
<shouldEngineer>false</shouldEngineer>
<engineerTo>
<item key="881743FA-544B-5FAD-2A23-40DBA5BF150A" value="false"/>
</engineerTo>
<newElementsIDs>97E0D756-0C7E-C8FA-2267-85BBD1C74CA0</newElementsIDs>
<usedAttributes>
<attributeRef>97E0D756-0C7E-C8FA-2267-85BBD1C74CA0</attributeRef>
</usedAttributes>
</identifier>
</identifiers>
</Entity>