<?xml version = '1.0' encoding = 'UTF-8'?>
<Entity class="oracle.dbtools.crest.model.design.logical.Entity" directorySegmentName="seg_0" id="7D6F0686-0021-FAB0-F0C7-CE69537D5BC3" name="State">
<createdBy>Kuba</createdBy>
<createdTime>2023-11-09 21:36:22 UTC</createdTime>
<ownerDesignName>nowawersjabazydanych</ownerDesignName>
<engineerTo>
<item key="881743FA-544B-5FAD-2A23-40DBA5BF150A" value="true"/>
</engineerTo>
<adequatelyNormalized>NO</adequatelyNormalized>
<expectedVolumes>0</expectedVolumes>
<fwdEngineeringStrategyName>Single Table</fwdEngineeringStrategyName>
<growthPercent>0</growthPercent>
<growthType>Year</growthType>
<maxVolumes>9999999</maxVolumes>
<minVolumes>0</minVolumes>
<normalForm>Third</normalForm>
<attributes itemClass="oracle.dbtools.crest.model.design.logical.Attribute">
<Attribute name="StateKey" id="2FCB6363-3CB1-D3B8-7BAD-368AD859B23B">
<createdBy>Kuba</createdBy>
<createdTime>2023-11-09 21:50:39 UTC</createdTime>
<ownerDesignName>nowawersjabazydanych</ownerDesignName>
<engineerTo>
<item key="881743FA-544B-5FAD-2A23-40DBA5BF150A" value="true"/>
</engineerTo>
<useDomainConstraints>false</useDomainConstraints>
<use>1</use>
<logicalDatatype>LOGDT019</logicalDatatype>
<dataTypePrecision>5</dataTypePrecision>
<ownDataTypeParameters>,5,</ownDataTypeParameters>
</Attribute>
<Attribute name="StateName" id="342D5C10-6157-EDD6-F020-ED13DD8AB970">
<createdBy>Kuba</createdBy>
<createdTime>2023-11-09 21:50:42 UTC</createdTime>
<ownerDesignName>nowawersjabazydanych</ownerDesignName>
<engineerTo>
<item key="881743FA-544B-5FAD-2A23-40DBA5BF150A" value="true"/>
</engineerTo>
<useDomainConstraints>false</useDomainConstraints>
<use>1</use>
<logicalDatatype>LOGDT024</logicalDatatype>
<dataTypeSize>50</dataTypeSize>
<ownDataTypeParameters>50,,</ownDataTypeParameters>
</Attribute>
<Attribute name="CountryKey" id="36E410CA-6517-D024-2804-3660DD63B173">
<createdBy>Kuba</createdBy>
<createdTime>2023-11-09 22:20:56 UTC</createdTime>
<generatorID>67D78465-B816-96C9-A9B7-8EFC82978E2E</generatorID>
<ownerDesignName>nowawersjabazydanych</ownerDesignName>
<engineerTo>
<item key="881743FA-544B-5FAD-2A23-40DBA5BF150A" value="true"/>
</engineerTo>
<referedAttribute>92209E2A-5680-01CC-B96D-882CF75713AD</referedAttribute>
<useDomainConstraints>false</useDomainConstraints>
<use>1</use>
<logicalDatatype>LOGDT019</logicalDatatype>
<dataTypePrecision>2</dataTypePrecision>
<ownDataTypeParameters>,2,</ownDataTypeParameters>
</Attribute>
</attributes>
<identifiers itemClass="oracle.dbtools.crest.model.design.logical.CandidateKey">
<identifier id="07D340A2-EAB8-B14B-E589-512444A2DB09" name="State PK">
<createdBy>Kuba</createdBy>
<createdTime>2023-11-09 22:20:47 UTC</createdTime>
<ownerDesignName>nowawersjabazydanych</ownerDesignName>
<shouldEngineer>false</shouldEngineer>
<engineerTo>
<item key="881743FA-544B-5FAD-2A23-40DBA5BF150A" value="false"/>
</engineerTo>
<pk>true</pk>
<usedAttributes>
<attributeRef>2FCB6363-3CB1-D3B8-7BAD-368AD859B23B</attributeRef>
</usedAttributes>
</identifier>
<identifier id="F6865F4C-4229-75A2-DDD4-153C0937F148" name="State_StateName_UN">
<createdBy>Darek</createdBy>
<createdTime>2023-12-18 18:49:39 UTC</createdTime>
<ownerDesignName>nowawersjabazydanych</ownerDesignName>
<shouldEngineer>false</shouldEngineer>
<engineerTo>
<item key="881743FA-544B-5FAD-2A23-40DBA5BF150A" value="false"/>
</engineerTo>
<newElementsIDs>342D5C10-6157-EDD6-F020-ED13DD8AB970</newElementsIDs>
<usedAttributes>
<attributeRef>342D5C10-6157-EDD6-F020-ED13DD8AB970</attributeRef>
</usedAttributes>
</identifier>
</identifiers>
</Entity>