<?xml version = '1.0' encoding = 'UTF-8'?>
<Entity class="oracle.dbtools.crest.model.design.logical.Entity" directorySegmentName="seg_0" id="88F8CAF7-90FC-9A60-94E8-F751D23F0463" name="ProductCategory">
<createdBy>Kuba</createdBy>
<createdTime>2023-11-09 21:38:40 UTC</createdTime>
<ownerDesignName>nowawersjabazydanych</ownerDesignName>
<engineerTo>
<item key="881743FA-544B-5FAD-2A23-40DBA5BF150A" value="true"/>
</engineerTo>
<adequatelyNormalized>NO</adequatelyNormalized>
<expectedVolumes>0</expectedVolumes>
<fwdEngineeringStrategyName>Single Table</fwdEngineeringStrategyName>
<growthPercent>0</growthPercent>
<growthType>Year</growthType>
<maxVolumes>9999999</maxVolumes>
<minVolumes>0</minVolumes>
<normalForm>Third</normalForm>
<attributes itemClass="oracle.dbtools.crest.model.design.logical.Attribute">
<Attribute name="CategoryKey" id="CDFC8928-A21D-B2D7-C55F-E810A8114BF9">
<createdBy>Kuba</createdBy>
<createdTime>2023-11-09 21:49:35 UTC</createdTime>
<ownerDesignName>nowawersjabazydanych</ownerDesignName>
<engineerTo>
<item key="881743FA-544B-5FAD-2A23-40DBA5BF150A" value="true"/>
</engineerTo>
<useDomainConstraints>false</useDomainConstraints>
<use>1</use>
<logicalDatatype>LOGDT019</logicalDatatype>
<dataTypePrecision>2</dataTypePrecision>
<ownDataTypeParameters>,2,</ownDataTypeParameters>
</Attribute>
<Attribute name="CategoryName" id="E09FA280-0C7B-A7B8-6A97-614558F8B5AB">
<createdBy>Kuba</createdBy>
<createdTime>2023-11-09 21:49:42 UTC</createdTime>
<ownerDesignName>nowawersjabazydanych</ownerDesignName>
<engineerTo>
<item key="881743FA-544B-5FAD-2A23-40DBA5BF150A" value="true"/>
</engineerTo>
<useDomainConstraints>false</useDomainConstraints>
<use>1</use>
<logicalDatatype>LOGDT024</logicalDatatype>
<dataTypeSize>40</dataTypeSize>
<ownDataTypeParameters>40,,</ownDataTypeParameters>
</Attribute>
</attributes>
<identifiers itemClass="oracle.dbtools.crest.model.design.logical.CandidateKey">
<identifier id="E4F5A27A-0DA2-0320-D0AA-9F9E5EF43F29" name="Product_Category_PK">
<createdBy>Kuba</createdBy>
<createdTime>2023-11-09 22:19:34 UTC</createdTime>
<ownerDesignName>nowawersjabazydanych</ownerDesignName>
<shouldEngineer>false</shouldEngineer>
<engineerTo>
<item key="881743FA-544B-5FAD-2A23-40DBA5BF150A" value="false"/>
</engineerTo>
<pk>true</pk>
<usedAttributes>
<attributeRef>CDFC8928-A21D-B2D7-C55F-E810A8114BF9</attributeRef>
</usedAttributes>
</identifier>
</identifiers>
</Entity>