<?xml version = '1.0' encoding = 'UTF-8'?>
<Entity class="oracle.dbtools.crest.model.design.logical.Entity" directorySegmentName="seg_0" id="9F406510-9535-9D3D-DFDD-B6C512AAC123" name="OrderHeader">
<createdBy>Kuba</createdBy>
<createdTime>2023-11-09 22:24:07 UTC</createdTime>
<ownerDesignName>nowawersjabazydanych</ownerDesignName>
<engineerTo>
<item key="881743FA-544B-5FAD-2A23-40DBA5BF150A" value="true"/>
</engineerTo>
<adequatelyNormalized>NO</adequatelyNormalized>
<expectedVolumes>0</expectedVolumes>
<fwdEngineeringStrategyName>Single Table</fwdEngineeringStrategyName>
<growthPercent>0</growthPercent>
<growthType>Year</growthType>
<maxVolumes>9999999</maxVolumes>
<minVolumes>0</minVolumes>
<normalForm>Third</normalForm>
<attributes itemClass="oracle.dbtools.crest.model.design.logical.Attribute">
<Attribute name="OrderKey" id="E37753ED-A6B9-0315-9F9B-61C100D09D84">
<createdBy>Kuba</createdBy>
<createdTime>2023-11-09 22:24:14 UTC</createdTime>
<ownerDesignName>nowawersjabazydanych</ownerDesignName>
<engineerTo>
<item key="881743FA-544B-5FAD-2A23-40DBA5BF150A" value="true"/>
</engineerTo>
<useDomainConstraints>false</useDomainConstraints>
<use>1</use>
<logicalDatatype>LOGDT019</logicalDatatype>
<dataTypePrecision>10</dataTypePrecision>
<ownDataTypeParameters>,10,</ownDataTypeParameters>
</Attribute>
<Attribute name="OrderDate" id="0E7D852A-5444-B303-8BE8-528AB33F5D9C">
<createdBy>Kuba</createdBy>
<createdTime>2023-11-09 22:24:20 UTC</createdTime>
<ownerDesignName>nowawersjabazydanych</ownerDesignName>
<engineerTo>
<item key="881743FA-544B-5FAD-2A23-40DBA5BF150A" value="true"/>
</engineerTo>
<useDomainConstraints>false</useDomainConstraints>
<use>1</use>
<logicalDatatype>LOGDT007</logicalDatatype>
<ownDataTypeParameters>,,</ownDataTypeParameters>
</Attribute>
<Attribute name="DeliveryDate" id="43ABB3FD-497A-6393-42B7-515F382C7881">
<createdBy>Kuba</createdBy>
<createdTime>2023-11-09 22:25:22 UTC</createdTime>
<ownerDesignName>nowawersjabazydanych</ownerDesignName>
<engineerTo>
<item key="881743FA-544B-5FAD-2A23-40DBA5BF150A" value="true"/>
</engineerTo>
<useDomainConstraints>false</useDomainConstraints>
<use>1</use>
<logicalDatatype>LOGDT007</logicalDatatype>
<ownDataTypeParameters>,,</ownDataTypeParameters>
</Attribute>
<Attribute name="DeliveryCost" id="6A50532E-E85D-3D41-1BDE-10795ED8A875">
<createdBy>Kuba</createdBy>
<createdTime>2023-11-09 22:25:29 UTC</createdTime>
<ownerDesignName>nowawersjabazydanych</ownerDesignName>
<engineerTo>
<item key="881743FA-544B-5FAD-2A23-40DBA5BF150A" value="true"/>
</engineerTo>
<useDomainConstraints>false</useDomainConstraints>
<use>1</use>
<logicalDatatype>LOGDT019</logicalDatatype>
<dataTypePrecision>10</dataTypePrecision>
<dataTypeScale>2</dataTypeScale>
<ownDataTypeParameters>,10,2</ownDataTypeParameters>
</Attribute>
<Attribute name="CartKey" id="D307D34E-7977-24F3-7893-B5BC77DAABDC">
<createdBy>Kuba</createdBy>
<createdTime>2023-11-09 22:34:28 UTC</createdTime>
<generatorID>85F927E7-C5E8-30BB-0665-E7400D59A5BF</generatorID>
<ownerDesignName>nowawersjabazydanych</ownerDesignName>
<engineerTo>
<item key="881743FA-544B-5FAD-2A23-40DBA5BF150A" value="true"/>
</engineerTo>
<referedAttribute>C32B6C6E-6D49-DFC6-1D69-959C50D5D2CA</referedAttribute>
<useDomainConstraints>false</useDomainConstraints>
<use>1</use>
<logicalDatatype>LOGDT019</logicalDatatype>
<dataTypePrecision>10</dataTypePrecision>
<ownDataTypeParameters>,10,</ownDataTypeParameters>
</Attribute>
<Attribute name="DelieveryMethodKey" id="0C137DFF-7BBD-64C7-BCF1-DBC5249F2688">
<createdBy>Kuba</createdBy>
<createdTime>2023-11-09 22:37:05 UTC</createdTime>
<generatorID>FF6FB6EC-BE18-F319-6826-FF92E36A4A44</generatorID>
<ownerDesignName>nowawersjabazydanych</ownerDesignName>
<engineerTo>
<item key="881743FA-544B-5FAD-2A23-40DBA5BF150A" value="true"/>
</engineerTo>
<referedAttribute>6F36A831-A46F-4003-207F-1F15F8A138DA</referedAttribute>
<useDomainConstraints>false</useDomainConstraints>
<use>1</use>
<logicalDatatype>LOGDT019</logicalDatatype>
<dataTypePrecision>2</dataTypePrecision>
<ownDataTypeParameters>,2,</ownDataTypeParameters>
</Attribute>
<Attribute name="CurrencyRateKey" id="4B7373E8-06A4-8589-87FA-7E35528880F1">
<createdBy>Darek</createdBy>
<createdTime>2023-12-18 19:18:47 UTC</createdTime>
<generatorID>248A2FDE-3564-4753-5C96-55B46C339A94</generatorID>
<ownerDesignName>nowawersjabazydanych</ownerDesignName>
<engineerTo>
<item key="881743FA-544B-5FAD-2A23-40DBA5BF150A" value="true"/>
</engineerTo>
<referedAttribute>E7BD5D2D-3AE1-BCAE-185B-55070E00320C</referedAttribute>
<useDomainConstraints>false</useDomainConstraints>
<use>1</use>
<logicalDatatype>LOGDT019</logicalDatatype>
<dataTypePrecision>10</dataTypePrecision>
<ownDataTypeParameters>,10,</ownDataTypeParameters>
</Attribute>
<Attribute name="PaymentMethodKey" id="13CFA9A8-893A-D94C-0D0C-6D69A0CF828B">
<createdBy>Darek</createdBy>
<createdTime>2023-12-21 22:47:34 UTC</createdTime>
<generatorID>7002EF1B-6D1E-944C-E52F-FC16F33462A5</generatorID>
<ownerDesignName>nowawersjabazydanych</ownerDesignName>
<engineerTo>
<item key="881743FA-544B-5FAD-2A23-40DBA5BF150A" value="true"/>
</engineerTo>
<referedAttribute>64EC9274-78AC-9E1C-F52D-4E81AE36A2EF</referedAttribute>
<useDomainConstraints>false</useDomainConstraints>
<use>1</use>
<logicalDatatype>LOGDT019</logicalDatatype>
<dataTypePrecision>2</dataTypePrecision>
<ownDataTypeParameters>,2,</ownDataTypeParameters>
</Attribute>
<Attribute name="ChannelKey" id="F95BEC54-8AD0-0A50-B43C-29EF3E1FE2CC">
<createdBy>Darek</createdBy>
<createdTime>2023-12-28 13:49:21 UTC</createdTime>
<generatorID>6EC3D25F-6211-F61A-7843-FBA357A59C5D</generatorID>
<ownerDesignName>nowawersjabazydanych</ownerDesignName>
<engineerTo>
<item key="881743FA-544B-5FAD-2A23-40DBA5BF150A" value="true"/>
</engineerTo>
<referedAttribute>1FEB2C59-FFCC-2082-D3E7-36D3A2969C2B</referedAttribute>
<useDomainConstraints>false</useDomainConstraints>
<use>1</use>
<logicalDatatype>LOGDT019</logicalDatatype>
<dataTypePrecision>2</dataTypePrecision>
<ownDataTypeParameters>,,</ownDataTypeParameters>
</Attribute>
</attributes>
<identifiers itemClass="oracle.dbtools.crest.model.design.logical.CandidateKey">
<identifier id="C4B3D04E-C8A5-9AA6-ED3C-F3EECF466342" name="OrderHeader PK">
<createdBy>Kuba</createdBy>
<createdTime>2023-11-09 22:24:19 UTC</createdTime>
<ownerDesignName>nowawersjabazydanych</ownerDesignName>
<shouldEngineer>false</shouldEngineer>
<engineerTo>
<item key="881743FA-544B-5FAD-2A23-40DBA5BF150A" value="false"/>
</engineerTo>
<pk>true</pk>
<usedAttributes>
<attributeRef>E37753ED-A6B9-0315-9F9B-61C100D09D84</attributeRef>
</usedAttributes>
</identifier>
</identifiers>
</Entity>