<?xml version = '1.0' encoding = 'UTF-8'?>
<Entity class="oracle.dbtools.crest.model.design.logical.Entity" directorySegmentName="seg_0" id="C50FA331-3110-835A-6F0B-E0A07A476859" name="CurrencyRate">
<createdBy>Ania</createdBy>
<createdTime>2023-12-07 12:43:51 UTC</createdTime>
<ownerDesignName>nowawersjabazydanych</ownerDesignName>
<engineerTo>
<item key="881743FA-544B-5FAD-2A23-40DBA5BF150A" value="true"/>
</engineerTo>
<adequatelyNormalized>NO</adequatelyNormalized>
<expectedVolumes>0</expectedVolumes>
<fwdEngineeringStrategyName>Single Table</fwdEngineeringStrategyName>
<growthPercent>0</growthPercent>
<growthType>Year</growthType>
<maxVolumes>9999999</maxVolumes>
<minVolumes>0</minVolumes>
<normalForm>Third</normalForm>
<attributes itemClass="oracle.dbtools.crest.model.design.logical.Attribute">
<Attribute name="CurrencyRateKey" id="E7BD5D2D-3AE1-BCAE-185B-55070E00320C">
<createdBy>Darek</createdBy>
<createdTime>2023-12-18 19:17:57 UTC</createdTime>
<ownerDesignName>nowawersjabazydanych</ownerDesignName>
<engineerTo>
<item key="881743FA-544B-5FAD-2A23-40DBA5BF150A" value="true"/>
</engineerTo>
<useDomainConstraints>false</useDomainConstraints>
<use>1</use>
<logicalDatatype>LOGDT019</logicalDatatype>
<dataTypePrecision>10</dataTypePrecision>
<ownDataTypeParameters>,10,</ownDataTypeParameters>
</Attribute>
<Attribute name="CurrencyRateName" id="13B3D706-BD41-05EA-44EB-E1EA2A92AFFF">
<createdBy>Darek</createdBy>
<createdTime>2023-12-18 19:18:23 UTC</createdTime>
<ownerDesignName>nowawersjabazydanych</ownerDesignName>
<engineerTo>
<item key="881743FA-544B-5FAD-2A23-40DBA5BF150A" value="true"/>
</engineerTo>
<useDomainConstraints>false</useDomainConstraints>
<use>1</use>
<logicalDatatype>LOGDT024</logicalDatatype>
<dataTypeSize>40</dataTypeSize>
<ownDataTypeParameters>40,,</ownDataTypeParameters>
</Attribute>
<Attribute name="CurrencyRateValue" id="91A90DE6-9653-EF74-30C6-0E85BB1E00D3">
<createdBy>Darek</createdBy>
<createdTime>2023-12-18 19:23:18 UTC</createdTime>
<ownerDesignName>nowawersjabazydanych</ownerDesignName>
<engineerTo>
<item key="881743FA-544B-5FAD-2A23-40DBA5BF150A" value="true"/>
</engineerTo>
<useDomainConstraints>false</useDomainConstraints>
<use>1</use>
<logicalDatatype>LOGDT019</logicalDatatype>
<dataTypePrecision>8</dataTypePrecision>
<dataTypeScale>4</dataTypeScale>
<ownDataTypeParameters>,8,4</ownDataTypeParameters>
</Attribute>
<Attribute name="CurrencyRateDate" id="1E8E9BB9-B7A7-C7E8-9805-FDA2AE840D62">
<createdBy>Ania</createdBy>
<createdTime>2023-12-19 10:45:24 UTC</createdTime>
<ownerDesignName>nowawersjabazydanych</ownerDesignName>
<engineerTo>
<item key="881743FA-544B-5FAD-2A23-40DBA5BF150A" value="true"/>
</engineerTo>
<useDomainConstraints>false</useDomainConstraints>
<use>1</use>
<logicalDatatype>LOGDT007</logicalDatatype>
<ownDataTypeParameters>,,</ownDataTypeParameters>
</Attribute>
<Attribute name="CurrencyKey" id="E8A960AA-0A8E-7636-7954-23AF6F068D1A">
<createdBy>Darek</createdBy>
<createdTime>2023-12-18 19:19:54 UTC</createdTime>
<generatorID>F8A6768E-E67B-04DE-0D36-0A0DB89F1A3B</generatorID>
<ownerDesignName>nowawersjabazydanych</ownerDesignName>
<engineerTo>
<item key="881743FA-544B-5FAD-2A23-40DBA5BF150A" value="true"/>
</engineerTo>
<referedAttribute>46A4F8E5-B258-A241-B483-839BDF95523C</referedAttribute>
<useDomainConstraints>false</useDomainConstraints>
<use>1</use>
<logicalDatatype>LOGDT019</logicalDatatype>
<dataTypePrecision>10</dataTypePrecision>
<ownDataTypeParameters>,10,</ownDataTypeParameters>
</Attribute>
</attributes>
<identifiers itemClass="oracle.dbtools.crest.model.design.logical.CandidateKey">
<identifier id="2DE6D399-77A0-DB99-F389-11F8D860597A" name="CurrencyRate PK">
<createdBy>Darek</createdBy>
<createdTime>2023-12-18 19:18:21 UTC</createdTime>
<ownerDesignName>nowawersjabazydanych</ownerDesignName>
<shouldEngineer>false</shouldEngineer>
<engineerTo>
<item key="881743FA-544B-5FAD-2A23-40DBA5BF150A" value="false"/>
</engineerTo>
<pk>true</pk>
<usedAttributes>
<attributeRef>E7BD5D2D-3AE1-BCAE-185B-55070E00320C</attributeRef>
</usedAttributes>
</identifier>
</identifiers>
</Entity>