<?xml version = '1.0' encoding = 'UTF-8'?>
<Entity class="oracle.dbtools.crest.model.design.logical.Entity" directorySegmentName="seg_0" id="C94E3EF4-4C08-DC5C-E6BD-34CEB46A6256" name="User">
<createdBy>Kuba</createdBy>
<createdTime>2023-11-09 21:37:09 UTC</createdTime>
<ownerDesignName>nowawersjabazydanych</ownerDesignName>
<engineerTo>
<item key="881743FA-544B-5FAD-2A23-40DBA5BF150A" value="true"/>
</engineerTo>
<adequatelyNormalized>NO</adequatelyNormalized>
<expectedVolumes>0</expectedVolumes>
<fwdEngineeringStrategyName>Single Table</fwdEngineeringStrategyName>
<growthPercent>0</growthPercent>
<growthType>Year</growthType>
<maxVolumes>9999999</maxVolumes>
<minVolumes>0</minVolumes>
<normalForm>Third</normalForm>
<attributes itemClass="oracle.dbtools.crest.model.design.logical.Attribute">
<Attribute name="UserKey" id="062DF97C-3ACA-7C09-1734-B9FB3A994DD4">
<createdBy>Kuba</createdBy>
<createdTime>2023-11-09 22:03:03 UTC</createdTime>
<ownerDesignName>nowawersjabazydanych</ownerDesignName>
<engineerTo>
<item key="881743FA-544B-5FAD-2A23-40DBA5BF150A" value="true"/>
</engineerTo>
<useDomainConstraints>false</useDomainConstraints>
<use>1</use>
<logicalDatatype>LOGDT019</logicalDatatype>
<dataTypePrecision>10</dataTypePrecision>
<ownDataTypeParameters>,10,</ownDataTypeParameters>
</Attribute>
<Attribute name="UserLogin" id="4F2D6553-8166-7280-EE47-BB9384A470C6">
<createdBy>Kuba</createdBy>
<createdTime>2023-11-09 22:02:27 UTC</createdTime>
<ownerDesignName>nowawersjabazydanych</ownerDesignName>
<engineerTo>
<item key="881743FA-544B-5FAD-2A23-40DBA5BF150A" value="true"/>
</engineerTo>
<useDomainConstraints>false</useDomainConstraints>
<use>1</use>
<logicalDatatype>LOGDT024</logicalDatatype>
<dataTypeSize>16 CHAR</dataTypeSize>
<ownDataTypeParameters>16 CHAR,,</ownDataTypeParameters>
</Attribute>
<Attribute name="UserPassword" id="06457F64-5E01-0B8C-195C-3FFBA51FAE89">
<createdBy>Kuba</createdBy>
<createdTime>2023-11-09 22:02:32 UTC</createdTime>
<ownerDesignName>nowawersjabazydanych</ownerDesignName>
<engineerTo>
<item key="881743FA-544B-5FAD-2A23-40DBA5BF150A" value="true"/>
</engineerTo>
<useDomainConstraints>false</useDomainConstraints>
<use>1</use>
<logicalDatatype>LOGDT024</logicalDatatype>
<dataTypeSize>30</dataTypeSize>
<ownDataTypeParameters>30,,</ownDataTypeParameters>
</Attribute>
<Attribute name="UserEmail" id="2BA25AA6-9429-AAFF-23E0-75FB74D22B34">
<createdBy>Kuba</createdBy>
<createdTime>2023-11-09 22:03:13 UTC</createdTime>
<ownerDesignName>nowawersjabazydanych</ownerDesignName>
<engineerTo>
<item key="881743FA-544B-5FAD-2A23-40DBA5BF150A" value="true"/>
</engineerTo>
<useDomainConstraints>false</useDomainConstraints>
<use>1</use>
<logicalDatatype>LOGDT024</logicalDatatype>
<dataTypeSize>40</dataTypeSize>
<ownDataTypeParameters>40,,</ownDataTypeParameters>
</Attribute>
<Attribute name="RoleKey" id="918A30C0-2A60-55A3-49B9-38A34093D105">
<createdBy>Kuba</createdBy>
<createdTime>2023-11-24 13:05:07 UTC</createdTime>
<generatorID>5F7004DE-F37B-8F53-19C6-C829A0EF7195</generatorID>
<ownerDesignName>nowawersjabazydanych</ownerDesignName>
<engineerTo>
<item key="881743FA-544B-5FAD-2A23-40DBA5BF150A" value="true"/>
</engineerTo>
<referedAttribute>E44BC385-A57A-5044-A611-06B3FCE6B439</referedAttribute>
<useDomainConstraints>false</useDomainConstraints>
<use>1</use>
<logicalDatatype>LOGDT019</logicalDatatype>
<dataTypePrecision>10</dataTypePrecision>
<ownDataTypeParameters>,10,</ownDataTypeParameters>
</Attribute>
</attributes>
<identifiers itemClass="oracle.dbtools.crest.model.design.logical.CandidateKey">
<identifier id="42071EE2-C7F7-190A-6A0A-DA4F35ADF1A8" name="User PK">
<createdBy>Kuba</createdBy>
<createdTime>2023-11-09 22:18:26 UTC</createdTime>
<ownerDesignName>nowawersjabazydanych</ownerDesignName>
<shouldEngineer>false</shouldEngineer>
<engineerTo>
<item key="881743FA-544B-5FAD-2A23-40DBA5BF150A" value="false"/>
</engineerTo>
<pk>true</pk>
<usedAttributes>
<attributeRef>062DF97C-3ACA-7C09-1734-B9FB3A994DD4</attributeRef>
</usedAttributes>
</identifier>
<identifier id="9CAE49FA-CE86-1462-1C09-8E2897300D77" name="Key_2">
<createdBy>Darek</createdBy>
<createdTime>2023-12-27 12:28:41 UTC</createdTime>
<ownerDesignName>nowawersjabazydanych</ownerDesignName>
<engineerTo>
<item key="881743FA-544B-5FAD-2A23-40DBA5BF150A" value="true"/>
</engineerTo>
<newElementsIDs>2BA25AA6-9429-AAFF-23E0-75FB74D22B34,4F2D6553-8166-7280-EE47-BB9384A470C6</newElementsIDs>
<usedAttributes>
<attributeRef>2BA25AA6-9429-AAFF-23E0-75FB74D22B34</attributeRef>
<attributeRef>4F2D6553-8166-7280-EE47-BB9384A470C6</attributeRef>
</usedAttributes>
</identifier>
</identifiers>
</Entity>