<?xml version = '1.0' encoding = 'UTF-8'?>
<Entity class="oracle.dbtools.crest.model.design.logical.Entity" directorySegmentName="seg_0" id="CF57D005-9A50-B7C4-34C9-CFF733FCDC7B" name="AddressList">
<createdBy>Darek</createdBy>
<createdTime>2023-12-16 19:37:39 UTC</createdTime>
<ownerDesignName>nowawersjabazydanych</ownerDesignName>
<engineerTo>
<item key="881743FA-544B-5FAD-2A23-40DBA5BF150A" value="true"/>
</engineerTo>
<adequatelyNormalized>NO</adequatelyNormalized>
<expectedVolumes>0</expectedVolumes>
<fwdEngineeringStrategyName>Single Table</fwdEngineeringStrategyName>
<growthPercent>0</growthPercent>
<growthType>Year</growthType>
<maxVolumes>9999999</maxVolumes>
<minVolumes>0</minVolumes>
<normalForm>Third</normalForm>
<attributes itemClass="oracle.dbtools.crest.model.design.logical.Attribute">
<Attribute name="ClientKey" id="60FADC2C-D288-BE50-12AC-B1BD3B8E2761">
<createdBy>Darek</createdBy>
<createdTime>2023-12-16 19:39:12 UTC</createdTime>
<generatorID>0956AC10-A375-DB25-B889-4481B65EBCAB</generatorID>
<ownerDesignName>nowawersjabazydanych</ownerDesignName>
<engineerTo>
<item key="881743FA-544B-5FAD-2A23-40DBA5BF150A" value="true"/>
</engineerTo>
<referedAttribute>18B85A4D-5245-D38D-B840-E0E6366289EC</referedAttribute>
<useDomainConstraints>false</useDomainConstraints>
<use>1</use>
<logicalDatatype>LOGDT019</logicalDatatype>
<dataTypePrecision>10</dataTypePrecision>
<ownDataTypeParameters>,,</ownDataTypeParameters>
</Attribute>
<Attribute name="CountryKey" id="1D429722-19C3-0D76-FA53-05014FEDB92D">
<createdBy>Darek</createdBy>
<createdTime>2023-12-16 19:40:16 UTC</createdTime>
<generatorID>E7C156FF-996F-B94D-6E36-B03146C27EC1</generatorID>
<ownerDesignName>nowawersjabazydanych</ownerDesignName>
<engineerTo>
<item key="881743FA-544B-5FAD-2A23-40DBA5BF150A" value="true"/>
</engineerTo>
<referedAttribute>92209E2A-5680-01CC-B96D-882CF75713AD</referedAttribute>
<useDomainConstraints>false</useDomainConstraints>
<use>1</use>
<logicalDatatype>LOGDT019</logicalDatatype>
<dataTypePrecision>2</dataTypePrecision>
<ownDataTypeParameters>,2,</ownDataTypeParameters>
</Attribute>
<Attribute name="AddressListKey" id="F4E676BC-74AF-878B-5F04-F190668D5615">
<createdBy>Darek</createdBy>
<createdTime>2023-12-16 20:18:39 UTC</createdTime>
<ownerDesignName>nowawersjabazydanych</ownerDesignName>
<engineerTo>
<item key="881743FA-544B-5FAD-2A23-40DBA5BF150A" value="true"/>
</engineerTo>
<useDomainConstraints>false</useDomainConstraints>
<use>1</use>
<logicalDatatype>LOGDT019</logicalDatatype>
<dataTypePrecision>10</dataTypePrecision>
<ownDataTypeParameters>,10,</ownDataTypeParameters>
</Attribute>
<Attribute name="AddressListName" id="AB42ACA6-47AF-3114-3896-246F96F21657">
<createdBy>Darek</createdBy>
<createdTime>2023-12-16 20:20:52 UTC</createdTime>
<ownerDesignName>nowawersjabazydanych</ownerDesignName>
<engineerTo>
<item key="881743FA-544B-5FAD-2A23-40DBA5BF150A" value="true"/>
</engineerTo>
<useDomainConstraints>false</useDomainConstraints>
<use>1</use>
<logicalDatatype>LOGDT024</logicalDatatype>
<dataTypeSize>50</dataTypeSize>
<ownDataTypeParameters>50,,</ownDataTypeParameters>
</Attribute>
</attributes>
<identifiers itemClass="oracle.dbtools.crest.model.design.logical.CandidateKey">
<identifier id="24865FEC-98A4-F5AD-AC9B-3D8C5DBABA1B" name="AddressesList_PK">
<createdBy>Darek</createdBy>
<createdTime>2023-12-16 20:19:09 UTC</createdTime>
<ownerDesignName>nowawersjabazydanych</ownerDesignName>
<shouldEngineer>false</shouldEngineer>
<engineerTo>
<item key="881743FA-544B-5FAD-2A23-40DBA5BF150A" value="false"/>
</engineerTo>
<pk>true</pk>
<usedAttributes>
<attributeRef>F4E676BC-74AF-878B-5F04-F190668D5615</attributeRef>
</usedAttributes>
</identifier>
</identifiers>
</Entity>