<?xml version = '1.0' encoding = 'UTF-8'?>
<Relation class="oracle.dbtools.crest.model.design.logical.Relation" name="AddressesList Client FK" directorySegmentName="seg_0" id="0956AC10-A375-DB25-B889-4481B65EBCAB">
<createdBy>Darek</createdBy>
<createdTime>2023-12-16 19:39:12 UTC</createdTime>
<ownerDesignName>nowawersjabazydanych</ownerDesignName>
<engineerTo>
<item key="881743FA-544B-5FAD-2A23-40DBA5BF150A" value="true"/>
</engineerTo>
<sourcePk>128DAC5F-1FEF-45D6-786D-99701D803DCB</sourcePk>
<identifying>false</identifying>
<optionalSource>false</optionalSource>
<optionalTarget>false</optionalTarget>
<sourceCardinality>1</sourceCardinality>
<sourceEntity>738DA78A-2A82-9EC4-F8E9-7C28DAD29557</sourceEntity>
<targetCardinalityString>*</targetCardinalityString>
<targetEntity>CF57D005-9A50-B7C4-34C9-CFF733FCDC7B</targetEntity>
<transferable>true</transferable>
<deleteRule>NO ACTION</deleteRule>
</Relation>