<?xml version = '1.0' encoding = 'UTF-8'?>
<Relation class="oracle.dbtools.crest.model.design.logical.Relation" name="OrderHeader CurrencyRate FK" directorySegmentName="seg_0" id="248A2FDE-3564-4753-5C96-55B46C339A94">
<createdBy>Ania</createdBy>
<createdTime>2023-12-07 12:56:57 UTC</createdTime>
<ownerDesignName>nowawersjabazydanych</ownerDesignName>
<engineerTo>
<item key="881743FA-544B-5FAD-2A23-40DBA5BF150A" value="true"/>
</engineerTo>
<sourcePk>2DE6D399-77A0-DB99-F389-11F8D860597A</sourcePk>
<identifying>false</identifying>
<optionalSource>false</optionalSource>
<optionalTarget>false</optionalTarget>
<sourceCardinality>1</sourceCardinality>
<sourceEntity>C50FA331-3110-835A-6F0B-E0A07A476859</sourceEntity>
<targetCardinalityString>*</targetCardinalityString>
<targetEntity>9F406510-9535-9D3D-DFDD-B6C512AAC123</targetEntity>
<transferable>true</transferable>
<deleteRule>NO ACTION</deleteRule>
</Relation>