<?xml version = '1.0' encoding = 'UTF-8'?>
<Relation class="oracle.dbtools.crest.model.design.logical.Relation" name="StatusHistory OrderStatus FK" directorySegmentName="seg_0" id="2B3A75F6-DC4B-70A0-7875-97E917562A84">
<createdBy>Kuba</createdBy>
<createdTime>2023-11-24 13:45:33 UTC</createdTime>
<ownerDesignName>nowawersjabazydanych</ownerDesignName>
<engineerTo>
<item key="881743FA-544B-5FAD-2A23-40DBA5BF150A" value="true"/>
</engineerTo>
<sourcePk>61CE304C-F21D-9D5A-112E-4459EF20B870</sourcePk>
<identifying>false</identifying>
<optionalSource>true</optionalSource>
<optionalTarget>false</optionalTarget>
<sourceCardinality>1</sourceCardinality>
<sourceEntity>1B08F01D-3FEC-E139-7E9F-53B47BDE05EE</sourceEntity>
<targetCardinalityString>*</targetCardinalityString>
<targetEntity>6AA7AFF5-8B3B-ED70-3189-AC6FFF40DFE9</targetEntity>
<transferable>true</transferable>
<deleteRule>NO ACTION</deleteRule>
</Relation>