<?xml version = '1.0' encoding = 'UTF-8'?>
<Relation class="oracle.dbtools.crest.model.design.logical.Relation" name="Product photo ProductModel FK" directorySegmentName="seg_0" id="3A64EA77-5174-D79C-7173-7CF153C91CEF">
<createdBy>Ania</createdBy>
<createdTime>2023-12-19 10:55:26 UTC</createdTime>
<ownerDesignName>nowawersjabazydanych</ownerDesignName>
<engineerTo>
<item key="881743FA-544B-5FAD-2A23-40DBA5BF150A" value="true"/>
</engineerTo>
<sourcePk>BC5B15B6-50EC-391C-4178-269708B83080</sourcePk>
<identifying>false</identifying>
<optionalSource>false</optionalSource>
<optionalTarget>false</optionalTarget>
<sourceCardinality>1</sourceCardinality>
<sourceEntity>233E2495-D47F-3487-4CC2-B3D6462A0B81</sourceEntity>
<targetCardinalityString>*</targetCardinalityString>
<targetEntity>1434622F-29F2-4434-D7D2-83F28300C029</targetEntity>
<transferable>true</transferable>
<deleteRule>NO ACTION</deleteRule>
</Relation>