<?xml version = '1.0' encoding = 'UTF-8'?>
<Relation class="oracle.dbtools.crest.model.design.logical.Relation" name="City State FK" directorySegmentName="seg_0" id="4CE755E8-00A1-B638-C934-F1FDC3427A53">
<createdBy>Kuba</createdBy>
<createdTime>2023-11-09 21:40:23 UTC</createdTime>
<ownerDesignName>nowawersjabazydanych</ownerDesignName>
<engineerTo>
<item key="881743FA-544B-5FAD-2A23-40DBA5BF150A" value="true"/>
</engineerTo>
<sourcePk>07D340A2-EAB8-B14B-E589-512444A2DB09</sourcePk>
<identifying>false</identifying>
<optionalSource>true</optionalSource>
<optionalTarget>true</optionalTarget>
<sourceCardinality>1</sourceCardinality>
<sourceEntity>7D6F0686-0021-FAB0-F0C7-CE69537D5BC3</sourceEntity>
<targetCardinalityString>*</targetCardinalityString>
<targetEntity>7C711948-9F00-2B13-54B0-2CE0ABE3740C</targetEntity>
<transferable>true</transferable>
<deleteRule>NO ACTION</deleteRule>
</Relation>