<?xml version = '1.0' encoding = 'UTF-8'?>
<Relation class="oracle.dbtools.crest.model.design.logical.Relation" name="User Role FK" directorySegmentName="seg_0" id="5F7004DE-F37B-8F53-19C6-C829A0EF7195">
<createdBy>Kuba</createdBy>
<createdTime>2023-11-24 13:05:07 UTC</createdTime>
<ownerDesignName>nowawersjabazydanych</ownerDesignName>
<engineerTo>
<item key="881743FA-544B-5FAD-2A23-40DBA5BF150A" value="true"/>
</engineerTo>
<sourcePk>6489F0F5-8D52-5414-D558-27D201DE8249</sourcePk>
<identifying>false</identifying>
<optionalSource>true</optionalSource>
<optionalTarget>false</optionalTarget>
<sourceCardinality>1</sourceCardinality>
<sourceEntity>AE2177F5-108D-DCBD-B8C0-58E920D1EACE</sourceEntity>
<targetCardinalityString>*</targetCardinalityString>
<targetEntity>C94E3EF4-4C08-DC5C-E6BD-34CEB46A6256</targetEntity>
<transferable>true</transferable>
<deleteRule>NO ACTION</deleteRule>
</Relation>