<?xml version = '1.0' encoding = 'UTF-8'?>
<Relation class="oracle.dbtools.crest.model.design.logical.Relation" name="Product Product Subactegory FK" directorySegmentName="seg_0" id="6763D97D-060B-EEB6-1C83-CA4E109949EF">
<createdBy>Ania</createdBy>
<createdTime>2023-12-07 11:08:04 UTC</createdTime>
<ownerDesignName>nowawersjabazydanych</ownerDesignName>
<engineerTo>
<item key="881743FA-544B-5FAD-2A23-40DBA5BF150A" value="true"/>
</engineerTo>
<sourcePk>B832765C-9239-7A43-0B39-5632C9118C59</sourcePk>
<targetPk>1641F703-A735-29FD-417E-88040EF23BD0</targetPk>
<identifying>false</identifying>
<optionalSource>false</optionalSource>
<optionalTarget>true</optionalTarget>
<sourceCardinality>*</sourceCardinality>
<sourceEntity>59F39D54-E877-255C-494A-6B8419DAA963</sourceEntity>
<targetCardinalityString>1</targetCardinalityString>
<targetEntity>5F7AE731-8C43-1211-7204-58D4B1A10802</targetEntity>
<transferable>true</transferable>
<deleteRule>NO ACTION</deleteRule>
</Relation>