<?xml version = '1.0' encoding = 'UTF-8'?>
<Relation class="oracle.dbtools.crest.model.design.logical.Relation" name="State Country FK" directorySegmentName="seg_0" id="67D78465-B816-96C9-A9B7-8EFC82978E2E">
<createdBy>Kuba</createdBy>
<createdTime>2023-11-09 21:40:16 UTC</createdTime>
<ownerDesignName>nowawersjabazydanych</ownerDesignName>
<engineerTo>
<item key="881743FA-544B-5FAD-2A23-40DBA5BF150A" value="true"/>
</engineerTo>
<sourcePk>CBC663C7-8C70-768B-3B99-7679A41FA3A5</sourcePk>
<identifying>false</identifying>
<optionalSource>false</optionalSource>
<optionalTarget>false</optionalTarget>
<sourceCardinality>1</sourceCardinality>
<sourceEntity>0FE4271E-5439-687A-4EAF-DA891D64A1F3</sourceEntity>
<targetCardinalityString>*</targetCardinalityString>
<targetEntity>7D6F0686-0021-FAB0-F0C7-CE69537D5BC3</targetEntity>
<transferable>true</transferable>
<deleteRule>NO ACTION</deleteRule>
</Relation>