<?xml version = '1.0' encoding = 'UTF-8'?>
<Relation class="oracle.dbtools.crest.model.design.logical.Relation" name="Relation_33" directorySegmentName="seg_0" id="6EC3D25F-6211-F61A-7843-FBA357A59C5D">
<createdBy>Darek</createdBy>
<createdTime>2023-12-28 13:49:21 UTC</createdTime>
<ownerDesignName>nowawersjabazydanych</ownerDesignName>
<engineerTo>
<item key="881743FA-544B-5FAD-2A23-40DBA5BF150A" value="true"/>
</engineerTo>
<sourcePk>E4CF17C2-FE00-C1B4-623E-0410C07175A1</sourcePk>
<identifying>false</identifying>
<optionalSource>true</optionalSource>
<optionalTarget>false</optionalTarget>
<sourceCardinality>1</sourceCardinality>
<sourceEntity>06B9B7C6-032B-7A5A-8A95-B7F44E3CF9F4</sourceEntity>
<targetCardinalityString>*</targetCardinalityString>
<targetEntity>9F406510-9535-9D3D-DFDD-B6C512AAC123</targetEntity>
<transferable>true</transferable>
<deleteRule>NO ACTION</deleteRule>
</Relation>