<?xml version = '1.0' encoding = 'UTF-8'?>
<Relation class="oracle.dbtools.crest.model.design.logical.Relation" name="OrderHeader Payment Method FK" directorySegmentName="seg_0" id="7002EF1B-6D1E-944C-E52F-FC16F33462A5">
<createdBy>Kuba</createdBy>
<createdTime>2023-11-24 13:28:59 UTC</createdTime>
<ownerDesignName>nowawersjabazydanych</ownerDesignName>
<engineerTo>
<item key="881743FA-544B-5FAD-2A23-40DBA5BF150A" value="true"/>
</engineerTo>
<sourcePk>C4B3D04E-C8A5-9AA6-ED3C-F3EECF466342</sourcePk>
<targetPk>14D17C6E-FBA8-E11E-3C58-853BEF60D131</targetPk>
<identifying>false</identifying>
<optionalSource>false</optionalSource>
<optionalTarget>true</optionalTarget>
<sourceCardinality>*</sourceCardinality>
<sourceEntity>9F406510-9535-9D3D-DFDD-B6C512AAC123</sourceEntity>
<targetCardinalityString>1</targetCardinalityString>
<targetEntity>20CEC0DA-453E-24B8-8FE0-CBC5C49627EF</targetEntity>
<transferable>true</transferable>
<deleteRule>NO ACTION</deleteRule>
</Relation>