<?xml version = '1.0' encoding = 'UTF-8'?>
<Relation class="oracle.dbtools.crest.model.design.logical.Relation" name="ComlpainDetails FK" directorySegmentName="seg_0" id="73199569-50CF-60F7-D795-4ABEAA2A43C8">
<createdBy>Ania</createdBy>
<createdTime>2023-12-07 12:34:35 UTC</createdTime>
<ownerDesignName>nowawersjabazydanych</ownerDesignName>
<engineerTo>
<item key="881743FA-544B-5FAD-2A23-40DBA5BF150A" value="true"/>
</engineerTo>
<sourcePk>436F9B1F-AA33-BBD1-6804-7ADF3E54E51D</sourcePk>
<identifying>false</identifying>
<optionalSource>false</optionalSource>
<optionalTarget>false</optionalTarget>
<sourceCardinality>1</sourceCardinality>
<sourceEntity>796B1722-7D44-79E6-4DD4-81338C5E4676</sourceEntity>
<targetCardinalityString>*</targetCardinalityString>
<targetEntity>13C7979B-3B16-8D84-6C66-317952EAF0BB</targetEntity>
<transferable>true</transferable>
<deleteRule>NO ACTION</deleteRule>
</Relation>