<?xml version = '1.0' encoding = 'UTF-8'?>
<Relation class="oracle.dbtools.crest.model.design.logical.Relation" name="Product Category FK" directorySegmentName="seg_0" id="75A3DA68-1DFB-F410-C4EE-9D4DC77CFE99">
<createdBy>Ania</createdBy>
<createdTime>2023-12-07 11:10:00 UTC</createdTime>
<ownerDesignName>nowawersjabazydanych</ownerDesignName>
<engineerTo>
<item key="881743FA-544B-5FAD-2A23-40DBA5BF150A" value="true"/>
</engineerTo>
<targetPk>E4F5A27A-0DA2-0320-D0AA-9F9E5EF43F29</targetPk>
<identifying>false</identifying>
<optionalSource>false</optionalSource>
<optionalTarget>true</optionalTarget>
<sourceCardinality>*</sourceCardinality>
<sourceEntity>5F7AE731-8C43-1211-7204-58D4B1A10802</sourceEntity>
<targetCardinalityString>1</targetCardinalityString>
<targetEntity>88F8CAF7-90FC-9A60-94E8-F751D23F0463</targetEntity>
<transferable>true</transferable>
<deleteRule>NO ACTION</deleteRule>
</Relation>