<?xml version = '1.0' encoding = 'UTF-8'?>
<Relation class="oracle.dbtools.crest.model.design.logical.Relation" name="Product ProductBrand FK" directorySegmentName="seg_0" id="78BBD255-7CB0-3163-283F-CA9E95852FBA">
<createdBy>Ania</createdBy>
<createdTime>2023-12-07 10:59:55 UTC</createdTime>
<ownerDesignName>nowawersjabazydanych</ownerDesignName>
<engineerTo>
<item key="881743FA-544B-5FAD-2A23-40DBA5BF150A" value="true"/>
</engineerTo>
<sourcePk>B832765C-9239-7A43-0B39-5632C9118C59</sourcePk>
<targetPk>FAFAC3F3-B3DB-5E17-4E22-65D78753A3AB</targetPk>
<identifying>false</identifying>
<optionalSource>false</optionalSource>
<optionalTarget>false</optionalTarget>
<sourceCardinality>*</sourceCardinality>
<sourceEntity>59F39D54-E877-255C-494A-6B8419DAA963</sourceEntity>
<targetCardinalityString>1</targetCardinalityString>
<targetEntity>B910060E-93DC-F14D-8C45-58F60D211789</targetEntity>
<transferable>true</transferable>
<deleteRule>NO ACTION</deleteRule>
</Relation>