<?xml version = '1.0' encoding = 'UTF-8'?>
<Relation class="oracle.dbtools.crest.model.design.logical.Relation" name="OrderHeader Cart FK" directorySegmentName="seg_0" id="85F927E7-C5E8-30BB-0665-E7400D59A5BF">
<createdBy>Kuba</createdBy>
<createdTime>2023-11-09 22:34:28 UTC</createdTime>
<ownerDesignName>nowawersjabazydanych</ownerDesignName>
<engineerTo>
<item key="881743FA-544B-5FAD-2A23-40DBA5BF150A" value="true"/>
</engineerTo>
<sourcePk>E3EC8444-0648-3F5C-7865-8C1D11D41DDC</sourcePk>
<identifying>false</identifying>
<optionalSource>true</optionalSource>
<optionalTarget>false</optionalTarget>
<sourceCardinality>1</sourceCardinality>
<sourceEntity>210C55C7-2268-2783-8712-01CD47B0D6DE</sourceEntity>
<targetCardinalityString>1</targetCardinalityString>
<targetEntity>9F406510-9535-9D3D-DFDD-B6C512AAC123</targetEntity>
<transferable>true</transferable>
<deleteRule>NO ACTION</deleteRule>
</Relation>