<?xml version = '1.0' encoding = 'UTF-8'?>
<Relation class="oracle.dbtools.crest.model.design.logical.Relation" name="StatusHistory OrderHeader FK" directorySegmentName="seg_0" id="87EFC1BF-0373-1AB4-176F-481C91D383C0">
<createdBy>Kuba</createdBy>
<createdTime>2023-11-24 13:42:30 UTC</createdTime>
<ownerDesignName>nowawersjabazydanych</ownerDesignName>
<engineerTo>
<item key="881743FA-544B-5FAD-2A23-40DBA5BF150A" value="true"/>
</engineerTo>
<sourcePk>C4B3D04E-C8A5-9AA6-ED3C-F3EECF466342</sourcePk>
<identifying>false</identifying>
<optionalSource>true</optionalSource>
<optionalTarget>false</optionalTarget>
<sourceCardinality>1</sourceCardinality>
<sourceEntity>9F406510-9535-9D3D-DFDD-B6C512AAC123</sourceEntity>
<targetCardinalityString>*</targetCardinalityString>
<targetEntity>6AA7AFF5-8B3B-ED70-3189-AC6FFF40DFE9</targetEntity>
<transferable>true</transferable>
<deleteRule>NO ACTION</deleteRule>
</Relation>