<?xml version = '1.0' encoding = 'UTF-8'?>
<Relation class="oracle.dbtools.crest.model.design.logical.Relation" name="Cart Content Product FK" directorySegmentName="seg_0" id="8945388B-9186-4153-8184-5A72B3396970">
<createdBy>Kuba</createdBy>
<createdTime>2023-11-09 21:43:23 UTC</createdTime>
<ownerDesignName>nowawersjabazydanych</ownerDesignName>
<engineerTo>
<item key="881743FA-544B-5FAD-2A23-40DBA5BF150A" value="true"/>
</engineerTo>
<sourcePk>0158B70D-7FAB-239D-FFA3-64CD6361FAEB</sourcePk>
<targetPk>B832765C-9239-7A43-0B39-5632C9118C59</targetPk>
<identifying>false</identifying>
<optionalSource>false</optionalSource>
<optionalTarget>true</optionalTarget>
<sourceCardinality>*</sourceCardinality>
<sourceEntity>13953533-C780-30BF-D073-D11A5151DA23</sourceEntity>
<targetCardinalityString>1</targetCardinalityString>
<targetEntity>59F39D54-E877-255C-494A-6B8419DAA963</targetEntity>
<transferable>true</transferable>
<deleteRule>NO ACTION</deleteRule>
</Relation>