<?xml version = '1.0' encoding = 'UTF-8'?>
<Relation class="oracle.dbtools.crest.model.design.logical.Relation" name="Relation_43" directorySegmentName="seg_0" id="8A900FBD-046B-0F42-538B-454DD73073BC">
<createdBy>Ania</createdBy>
<createdTime>2023-12-07 12:25:13 UTC</createdTime>
<ownerDesignName>nowawersjabazydanych</ownerDesignName>
<targetPk>D1D62B99-34DF-09E1-68C9-8EC05FBF5A67</targetPk>
<identifying>false</identifying>
<optionalSource>false</optionalSource>
<optionalTarget>false</optionalTarget>
<sourceCardinality>1</sourceCardinality>
<sourceEntity>8F7C6719-DEAA-13B3-4909-CE7616A45611</sourceEntity>
<targetCardinalityString>1</targetCardinalityString>
<targetEntity>35CA683A-9A6F-295F-6B29-9073D7AA3710</targetEntity>
<transferable>true</transferable>
<deleteRule>NO ACTION</deleteRule>
</Relation>