<?xml version = '1.0' encoding = 'UTF-8'?>
<Relation class="oracle.dbtools.crest.model.design.logical.Relation" name="Relation_59" directorySegmentName="seg_0" id="8AF93C8D-10B8-4821-89B9-F1ED65FCA03A">
<createdBy>Ania</createdBy>
<createdTime>2023-12-19 11:00:57 UTC</createdTime>
<ownerDesignName>nowawersjabazydanych</ownerDesignName>
<identifying>false</identifying>
<optionalSource>false</optionalSource>
<optionalTarget>true</optionalTarget>
<sourceCardinality>*</sourceCardinality>
<sourceEntity>03AE6489-E9CF-1931-A500-250912ED6FDC</sourceEntity>
<targetCardinalityString>*</targetCardinalityString>
<targetEntity>233E2495-D47F-3487-4CC2-B3D6462A0B81</targetEntity>
<transferable>true</transferable>
<deleteRule>NO ACTION</deleteRule>
</Relation>