<?xml version = '1.0' encoding = 'UTF-8'?>
<Relation class="oracle.dbtools.crest.model.design.logical.Relation" name="Product ProductModel FK" directorySegmentName="seg_0" id="8B03B924-C508-11EF-FAB5-C6970B4A4ED8">
<createdBy>Ania</createdBy>
<createdTime>2023-12-19 10:49:16 UTC</createdTime>
<ownerDesignName>nowawersjabazydanych</ownerDesignName>
<engineerTo>
<item key="881743FA-544B-5FAD-2A23-40DBA5BF150A" value="true"/>
</engineerTo>
<sourcePk>BC5B15B6-50EC-391C-4178-269708B83080</sourcePk>
<targetPk>B832765C-9239-7A43-0B39-5632C9118C59</targetPk>
<identifying>false</identifying>
<optionalSource>false</optionalSource>
<optionalTarget>false</optionalTarget>
<sourceCardinality>*</sourceCardinality>
<sourceEntity>233E2495-D47F-3487-4CC2-B3D6462A0B81</sourceEntity>
<targetCardinalityString>1</targetCardinalityString>
<targetEntity>59F39D54-E877-255C-494A-6B8419DAA963</targetEntity>
<transferable>true</transferable>
<deleteRule>NO ACTION</deleteRule>
</Relation>