<?xml version = '1.0' encoding = 'UTF-8'?>
<Relation class="oracle.dbtools.crest.model.design.logical.Relation" name="Ordered Products FKv2" directorySegmentName="seg_0" id="907644A0-C8F7-2983-8B24-1F97124732D0">
<createdBy>Kuba</createdBy>
<createdTime>2023-11-24 13:09:30 UTC</createdTime>
<ownerDesignName>nowawersjabazydanych</ownerDesignName>
<engineerTo>
<item key="881743FA-544B-5FAD-2A23-40DBA5BF150A" value="true"/>
</engineerTo>
<sourcePk>B832765C-9239-7A43-0B39-5632C9118C59</sourcePk>
<identifying>false</identifying>
<optionalSource>true</optionalSource>
<optionalTarget>false</optionalTarget>
<sourceCardinality>1</sourceCardinality>
<sourceEntity>59F39D54-E877-255C-494A-6B8419DAA963</sourceEntity>
<targetCardinalityString>*</targetCardinalityString>
<targetEntity>8F7C6719-DEAA-13B3-4909-CE7616A45611</targetEntity>
<transferable>true</transferable>
<deleteRule>NO ACTION</deleteRule>
</Relation>