<?xml version = '1.0' encoding = 'UTF-8'?>
<Relation class="oracle.dbtools.crest.model.design.logical.Relation" name="Cart Content Cart FK" directorySegmentName="seg_0" id="ABD4233E-388D-C100-724A-E9D11C3B59D9">
<createdBy>Kuba</createdBy>
<createdTime>2023-11-09 21:41:24 UTC</createdTime>
<ownerDesignName>nowawersjabazydanych</ownerDesignName>
<engineerTo>
<item key="881743FA-544B-5FAD-2A23-40DBA5BF150A" value="true"/>
</engineerTo>
<sourcePk>E3EC8444-0648-3F5C-7865-8C1D11D41DDC</sourcePk>
<identifying>false</identifying>
<optionalSource>false</optionalSource>
<optionalTarget>false</optionalTarget>
<sourceCardinality>1</sourceCardinality>
<sourceEntity>210C55C7-2268-2783-8712-01CD47B0D6DE</sourceEntity>
<targetCardinalityString>*</targetCardinalityString>
<targetEntity>13953533-C780-30BF-D073-D11A5151DA23</targetEntity>
<transferable>true</transferable>
<deleteRule>NO ACTION</deleteRule>
</Relation>