<?xml version = '1.0' encoding = 'UTF-8'?>
<Relation class="oracle.dbtools.crest.model.design.logical.Relation" name="Complaint ComplaintStatus FK" directorySegmentName="seg_0" id="BDBC2FA3-671F-2861-ED9A-E9A50DF07DFA">
<createdBy>Darek</createdBy>
<createdTime>2023-12-16 19:34:45 UTC</createdTime>
<ownerDesignName>nowawersjabazydanych</ownerDesignName>
<engineerTo>
<item key="881743FA-544B-5FAD-2A23-40DBA5BF150A" value="true"/>
</engineerTo>
<sourcePk>9F211E91-7E22-27CF-7614-472EB6E000E6</sourcePk>
<identifying>false</identifying>
<optionalSource>false</optionalSource>
<optionalTarget>false</optionalTarget>
<sourceCardinality>1</sourceCardinality>
<sourceEntity>677DBCCE-88D2-37F0-8546-3E9928A3E1D6</sourceEntity>
<targetCardinalityString>*</targetCardinalityString>
<targetEntity>796B1722-7D44-79E6-4DD4-81338C5E4676</targetEntity>
<transferable>true</transferable>
<deleteRule>NO ACTION</deleteRule>
</Relation>