<?xml version = '1.0' encoding = 'UTF-8'?>
<Relation class="oracle.dbtools.crest.model.design.logical.Relation" name="OrderHeader FK" directorySegmentName="seg_0" id="CE39200C-7588-03C0-6FD0-366E27A288DE">
<createdBy>Kuba</createdBy>
<createdTime>2023-11-24 13:08:28 UTC</createdTime>
<ownerDesignName>nowawersjabazydanych</ownerDesignName>
<engineerTo>
<item key="881743FA-544B-5FAD-2A23-40DBA5BF150A" value="true"/>
</engineerTo>
<sourcePk>C4B3D04E-C8A5-9AA6-ED3C-F3EECF466342</sourcePk>
<identifying>false</identifying>
<optionalSource>false</optionalSource>
<optionalTarget>false</optionalTarget>
<sourceCardinality>1</sourceCardinality>
<sourceEntity>9F406510-9535-9D3D-DFDD-B6C512AAC123</sourceEntity>
<targetCardinalityString>*</targetCardinalityString>
<targetEntity>8F7C6719-DEAA-13B3-4909-CE7616A45611</targetEntity>
<transferable>true</transferable>
<deleteRule>NO ACTION</deleteRule>
</Relation>