<?xml version = '1.0' encoding = 'UTF-8'?>
<Relation class="oracle.dbtools.crest.model.design.logical.Relation" name="ProductModel ProductColor FK" directorySegmentName="seg_0" id="CFE29293-0B3E-A93C-229D-4D257E7EE8D7">
<createdBy>Ania</createdBy>
<createdTime>2023-12-19 10:51:00 UTC</createdTime>
<ownerDesignName>nowawersjabazydanych</ownerDesignName>
<engineerTo>
<item key="881743FA-544B-5FAD-2A23-40DBA5BF150A" value="true"/>
</engineerTo>
<sourcePk>94F2383C-B6C4-7096-8BEC-5EC3CD9EC419</sourcePk>
<identifying>false</identifying>
<optionalSource>false</optionalSource>
<optionalTarget>false</optionalTarget>
<sourceCardinality>1</sourceCardinality>
<sourceEntity>E8F6966F-5703-8DDD-37A9-51D5A8782B47</sourceEntity>
<targetCardinalityString>*</targetCardinalityString>
<targetEntity>233E2495-D47F-3487-4CC2-B3D6462A0B81</targetEntity>
<transferable>true</transferable>
<deleteRule>NO ACTION</deleteRule>
</Relation>