<?xml version = '1.0' encoding = 'UTF-8'?>
<Relation class="oracle.dbtools.crest.model.design.logical.Relation" name="Client User FK" directorySegmentName="seg_0" id="D2E68FE0-88CB-8C8F-187C-200A41A0CE77">
<createdBy>Kuba</createdBy>
<createdTime>2023-11-09 21:41:02 UTC</createdTime>
<ownerDesignName>nowawersjabazydanych</ownerDesignName>
<engineerTo>
<item key="881743FA-544B-5FAD-2A23-40DBA5BF150A" value="true"/>
</engineerTo>
<sourcePk>128DAC5F-1FEF-45D6-786D-99701D803DCB</sourcePk>
<targetPk>42071EE2-C7F7-190A-6A0A-DA4F35ADF1A8</targetPk>
<identifying>false</identifying>
<optionalSource>false</optionalSource>
<optionalTarget>true</optionalTarget>
<sourceCardinality>1</sourceCardinality>
<sourceEntity>738DA78A-2A82-9EC4-F8E9-7C28DAD29557</sourceEntity>
<targetCardinalityString>1</targetCardinalityString>
<targetEntity>C94E3EF4-4C08-DC5C-E6BD-34CEB46A6256</targetEntity>
<transferable>true</transferable>
<deleteRule>NO ACTION</deleteRule>
</Relation>