<?xml version = '1.0' encoding = 'UTF-8'?>
<Relation class="oracle.dbtools.crest.model.design.logical.Relation" name="Street City FK" directorySegmentName="seg_0" id="D6762D6C-DA63-7742-A5AA-BD9D4F5FDFD6">
<createdBy>Kuba</createdBy>
<createdTime>2023-11-09 21:40:50 UTC</createdTime>
<ownerDesignName>nowawersjabazydanych</ownerDesignName>
<engineerTo>
<item key="881743FA-544B-5FAD-2A23-40DBA5BF150A" value="true"/>
</engineerTo>
<sourcePk>E9D83E9E-E8B4-4B81-0564-D6534ED4F580</sourcePk>
<identifying>false</identifying>
<optionalSource>false</optionalSource>
<optionalTarget>false</optionalTarget>
<sourceCardinality>1</sourceCardinality>
<sourceEntity>7C711948-9F00-2B13-54B0-2CE0ABE3740C</sourceEntity>
<targetCardinalityString>*</targetCardinalityString>
<targetEntity>21508E31-665D-B4C5-B84A-8A33C31EE2B3</targetEntity>
<transferable>true</transferable>
<deleteRule>NO ACTION</deleteRule>
</Relation>