<?xml version = '1.0' encoding = 'UTF-8'?>
<Relation class="oracle.dbtools.crest.model.design.logical.Relation" name="OrderedProducts FK" directorySegmentName="seg_0" id="D789C54F-5F76-F031-C2B8-892F4191ADC8">
<createdBy>Ania</createdBy>
<createdTime>2023-12-07 12:41:52 UTC</createdTime>
<ownerDesignName>nowawersjabazydanych</ownerDesignName>
<engineerTo>
<item key="881743FA-544B-5FAD-2A23-40DBA5BF150A" value="true"/>
</engineerTo>
<useSurrogateKey>true</useSurrogateKey>
<identifying>false</identifying>
<optionalSource>true</optionalSource>
<optionalTarget>false</optionalTarget>
<sourceCardinality>1</sourceCardinality>
<sourceEntity>8F7C6719-DEAA-13B3-4909-CE7616A45611</sourceEntity>
<targetCardinalityString>1</targetCardinalityString>
<targetEntity>13C7979B-3B16-8D84-6C66-317952EAF0BB</targetEntity>
<transferable>true</transferable>
<deleteRule>NO ACTION</deleteRule>
</Relation>