<?xml version = '1.0' encoding = 'UTF-8'?>
<Relation class="oracle.dbtools.crest.model.design.logical.Relation" name="AddressesList Country FK" directorySegmentName="seg_0" id="E7C156FF-996F-B94D-6E36-B03146C27EC1">
<createdBy>Darek</createdBy>
<createdTime>2023-12-16 19:40:16 UTC</createdTime>
<ownerDesignName>nowawersjabazydanych</ownerDesignName>
<engineerTo>
<item key="881743FA-544B-5FAD-2A23-40DBA5BF150A" value="true"/>
</engineerTo>
<sourcePk>CBC663C7-8C70-768B-3B99-7679A41FA3A5</sourcePk>
<identifying>false</identifying>
<optionalSource>true</optionalSource>
<optionalTarget>false</optionalTarget>
<sourceCardinality>1</sourceCardinality>
<sourceEntity>0FE4271E-5439-687A-4EAF-DA891D64A1F3</sourceEntity>
<targetCardinalityString>*</targetCardinalityString>
<targetEntity>CF57D005-9A50-B7C4-34C9-CFF733FCDC7B</targetEntity>
<transferable>true</transferable>
<deleteRule>NO ACTION</deleteRule>
</Relation>