<?xml version = '1.0' encoding = 'UTF-8'?>
<Relation class="oracle.dbtools.crest.model.design.logical.Relation" name="Relation_53" directorySegmentName="seg_0" id="E8FBCD8E-64D3-6F62-8E01-ABC5D58D8B15">
<createdBy>Darek</createdBy>
<createdTime>2023-12-16 19:51:27 UTC</createdTime>
<ownerDesignName>nowawersjabazydanych</ownerDesignName>
<identifying>false</identifying>
<optionalSource>true</optionalSource>
<optionalTarget>false</optionalTarget>
<sourceCardinality>*</sourceCardinality>
<sourceEntity>8F7C6719-DEAA-13B3-4909-CE7616A45611</sourceEntity>
<targetCardinalityString>*</targetCardinalityString>
<targetEntity>F21D8B5D-FE57-9AC4-85F2-AC7EB80C8B15</targetEntity>
<transferable>true</transferable>
<deleteRule>NO ACTION</deleteRule>
</Relation>