<?xml version = '1.0' encoding = 'UTF-8'?>
<Relation class="oracle.dbtools.crest.model.design.logical.Relation" name="Cart User FK" directorySegmentName="seg_0" id="F8135A71-8545-3724-CB06-F3C49FD9CC46">
<createdBy>Kuba</createdBy>
<createdTime>2023-11-09 21:41:15 UTC</createdTime>
<ownerDesignName>nowawersjabazydanych</ownerDesignName>
<engineerTo>
<item key="881743FA-544B-5FAD-2A23-40DBA5BF150A" value="true"/>
</engineerTo>
<sourcePk>42071EE2-C7F7-190A-6A0A-DA4F35ADF1A8</sourcePk>
<identifying>false</identifying>
<optionalSource>true</optionalSource>
<optionalTarget>false</optionalTarget>
<sourceCardinality>1</sourceCardinality>
<sourceEntity>C94E3EF4-4C08-DC5C-E6BD-34CEB46A6256</sourceEntity>
<targetCardinalityString>*</targetCardinalityString>
<targetEntity>210C55C7-2268-2783-8712-01CD47B0D6DE</targetEntity>
<transferable>true</transferable>
<deleteRule>NO ACTION</deleteRule>
</Relation>