<?xml version = '1.0' encoding = 'UTF-8'?>
<Relation class="oracle.dbtools.crest.model.design.logical.Relation" name="CurrencyRate Currency FK" directorySegmentName="seg_0" id="F8A6768E-E67B-04DE-0D36-0A0DB89F1A3B">
<createdBy>Ania</createdBy>
<createdTime>2023-12-07 12:50:46 UTC</createdTime>
<ownerDesignName>nowawersjabazydanych</ownerDesignName>
<engineerTo>
<item key="881743FA-544B-5FAD-2A23-40DBA5BF150A" value="true"/>
</engineerTo>
<sourcePk>0272304D-451D-C111-0BBC-C342626E7055</sourcePk>
<identifying>false</identifying>
<optionalSource>false</optionalSource>
<optionalTarget>false</optionalTarget>
<sourceCardinality>1</sourceCardinality>
<sourceEntity>1C5E363D-9BA8-3C4E-7B34-AF1D041CE7DD</sourceEntity>
<targetCardinalityString>*</targetCardinalityString>
<targetEntity>C50FA331-3110-835A-6F0B-E0A07A476859</targetEntity>
<transferable>true</transferable>
<deleteRule>NO ACTION</deleteRule>
</Relation>