<?xml version = '1.0' encoding = 'UTF-8'?>
<Relation class="oracle.dbtools.crest.model.design.logical.Relation" name="Country SalesTerritory FK" directorySegmentName="seg_0" id="FD966A8B-3697-5571-FCD3-FED538CF4008">
<createdBy>Darek</createdBy>
<createdTime>2023-12-16 20:11:13 UTC</createdTime>
<ownerDesignName>nowawersjabazydanych</ownerDesignName>
<engineerTo>
<item key="881743FA-544B-5FAD-2A23-40DBA5BF150A" value="true"/>
</engineerTo>
<sourcePk>BBEF513F-722F-D2E1-CA5A-B81B9E07A129</sourcePk>
<identifying>false</identifying>
<optionalSource>true</optionalSource>
<optionalTarget>false</optionalTarget>
<sourceCardinality>1</sourceCardinality>
<sourceEntity>51E5D92A-23A0-823D-8161-F4D3050F52EB</sourceEntity>
<targetCardinalityString>*</targetCardinalityString>
<targetEntity>0FE4271E-5439-687A-4EAF-DA891D64A1F3</targetEntity>
<transferable>true</transferable>
<deleteRule>NO ACTION</deleteRule>
</Relation>