<?xml version = '1.0' encoding = 'UTF-8'?>
<Relation class="oracle.dbtools.crest.model.design.logical.Relation" name="OrderHeader DelieveryMethod FK" directorySegmentName="seg_0" id="FF6FB6EC-BE18-F319-6826-FF92E36A4A44">
<createdBy>Kuba</createdBy>
<createdTime>2023-11-09 22:36:54 UTC</createdTime>
<ownerDesignName>nowawersjabazydanych</ownerDesignName>
<engineerTo>
<item key="881743FA-544B-5FAD-2A23-40DBA5BF150A" value="true"/>
</engineerTo>
<sourcePk>C4B3D04E-C8A5-9AA6-ED3C-F3EECF466342</sourcePk>
<targetPk>BD6885D0-C064-6792-11BC-CC8172878C39</targetPk>
<identifying>false</identifying>
<optionalSource>false</optionalSource>
<optionalTarget>true</optionalTarget>
<sourceCardinality>*</sourceCardinality>
<sourceEntity>9F406510-9535-9D3D-DFDD-B6C512AAC123</sourceEntity>
<targetCardinalityString>1</targetCardinalityString>
<targetEntity>2308F277-1259-C81C-5E6F-79EAF15F8409</targetEntity>
<transferable>true</transferable>
<deleteRule>NO ACTION</deleteRule>
</Relation>